Obs Sample ID,Date,Month,Group,UTMX,UTMY
OS92719,4-Jul-14,7,Callicebus L,371667.0208,9929337.604
OS92719,4-Jul-14,7,Callicebus L,371647.7483,9929378.488
OS92719,4-Jul-14,7,Callicebus B,371664.0957,9929522.988
OS92719,4-Jul-14,7,Callicebus B,371747.4544,9929529.446
OS92719,4-Jul-14,7,Callicebus B,371711.7574,9929541.629
OS92719,4-Jul-14,7,Callicebus B,371700.1463,9929542.171
OS92719,4-Jul-14,7,Callicebus B,371707.139,9929545.672
OS92719,4-Jul-14,7,Callicebus B,371762.9199,9929571.955
OS92719,4-Jul-14,7,Callicebus K,371939.121,9929581.9
OS92720,5-Jul-14,7,Callicebus K,371909.7453,9929434.852
OS92720,5-Jul-14,7,Callicebus K,371919.3513,9929437.633
OS92720,5-Jul-14,7,Callicebus K,371917.8888,9929448.166
OS92720,5-Jul-14,7,Callicebus K,371956.07,9929459.797
OS92720,5-Jul-14,7,Callicebus K,371954.6317,9929491.52
OS92722,7-Jul-14,7,Callicebus K,371906.6302,9929464.883
OS92722,7-Jul-14,7,Callicebus K,371939.2488,9929472.881
OS92722,7-Jul-14,7,Callicebus K,372001.706,9929479.206
OS92722,7-Jul-14,7,Callicebus K,371915.3628,9929481.49
OS92722,7-Jul-14,7,Callicebus K,371929.6804,9929486.167
OS92724,9-Jul-14,7,Callicebus B,371857.9919,9929394.615
OS92724,9-Jul-14,7,Callicebus B,371824.3499,9929399.151
OS92724,9-Jul-14,7,Callicebus B,371810.2246,9929400.495
OS92724,9-Jul-14,7,Callicebus B,371808.0012,9929404.448
OS92724,9-Jul-14,7,Callicebus B,371816.2762,9929406.797
OS92724,9-Jul-14,7,Callicebus B,371909.998,9929419.496
OS92724,9-Jul-14,7,Callicebus B,371784.2303,9929420.574
OS92724,9-Jul-14,7,Callicebus B,371693.725,9929422.114
OS92724,9-Jul-14,7,Callicebus B,371867.1432,9929424.688
OS92724,9-Jul-14,7,Callicebus B,371800.59,9929433.61
OS92724,9-Jul-14,7,Callicebus B,371800.59,9929433.61
OS92724,9-Jul-14,7,Callicebus B,371668.5435,9929440.594
OS92724,9-Jul-14,7,Callicebus B,371846.1835,9929450.965
OS92724,9-Jul-14,7,Callicebus B,371897.3571,9929451.451
OS92724,9-Jul-14,7,Callicebus B,371707.9562,9929454.689
OS92724,9-Jul-14,7,Callicebus B,371711.0486,9929466.609
OS92724,9-Jul-14,7,Callicebus B,371659.5698,9929467.12
OS92724,9-Jul-14,7,Callicebus B,371658.309,9929476.552
OS92724,9-Jul-14,7,Callicebus B,371712.7278,9929477.019
OS92724,9-Jul-14,7,Callicebus B,371874.28,9929480.685
OS92724,9-Jul-14,7,Callicebus B,371656.2489,9929481.783
OS92724,9-Jul-14,7,Callicebus B,371877.56,9929498.19
OS92724,9-Jul-14,7,Callicebus B,371687.5918,9929511.356
OS92724,9-Jul-14,7,Callicebus B,371669.3267,9929511.461
OS92724,9-Jul-14,7,Callicebus B,371713.8635,9929519.614
OS92724,9-Jul-14,7,Callicebus B,371700.1479,9929519.953
OS92724,9-Jul-14,7,Callicebus B,371718.6021,9929520.085
OS92724,9-Jul-14,7,Callicebus B,371679.5743,9929521.52
OS92724,9-Jul-14,7,Callicebus B,371712.8831,9929524.037
OS92724,9-Jul-14,7,Callicebus B,371692.6599,9929531.658
OS92724,9-Jul-14,7,Callicebus B,371696.5015,9929541.988
OS92725,10-Jul-14,7,Callicebus B,371708.6711,9929378.659
OS92725,10-Jul-14,7,Callicebus B,371678.6685,9929387.038
OS92725,10-Jul-14,7,Callicebus B,371701.2,9929388.06
OS92725,10-Jul-14,7,Callicebus B,371701.2,9929388.06
OS92725,10-Jul-14,7,Callicebus B,371674.4724,9929389.226
OS92725,10-Jul-14,7,Callicebus B,371679.5654,9929392.657
OS92725,10-Jul-14,7,Callicebus B,371891.8289,9929393.503
OS92725,10-Jul-14,7,Callicebus B,371754.0933,9929394.667
OS92725,10-Jul-14,7,Callicebus B,371832.8866,9929395.728
OS92725,10-Jul-14,7,Callicebus B,371740.311,9929398.63
OS92725,10-Jul-14,7,Callicebus B,371831.0962,9929399.657
OS92725,10-Jul-14,7,Callicebus B,371892.4458,9929403.325
OS92725,10-Jul-14,7,Callicebus B,371892.4458,9929403.325
OS92725,10-Jul-14,7,Callicebus B,371810.4038,9929410.078
OS92725,10-Jul-14,7,Callicebus B,371821.1778,9929410.405
OS92725,10-Jul-14,7,Callicebus B,371685.7777,9929412.338
OS92725,10-Jul-14,7,Callicebus B,371835.674,9929412.797
OS92725,10-Jul-14,7,Callicebus B,371855.06,9929416.682
OS92725,10-Jul-14,7,Callicebus B,371759.6712,9929423.032
OS92725,10-Jul-14,7,Callicebus B,371709.6608,9929426.818
OS92725,10-Jul-14,7,Callicebus B,371911.95,9929433.52
OS92725,10-Jul-14,7,Callicebus B,371911.95,9929433.52
OS92725,10-Jul-14,7,Callicebus B,371800.59,9929433.61
OS92725,10-Jul-14,7,Callicebus B,371800.59,9929433.61
OS92725,10-Jul-14,7,Callicebus B,371800.59,9929433.61
OS92725,10-Jul-14,7,Callicebus B,371800.59,9929433.61
OS92725,10-Jul-14,7,Callicebus B,371800.59,9929433.61
OS92725,10-Jul-14,7,Callicebus B,371855.4315,9929452.371
OS92725,10-Jul-14,7,Callicebus B,371882.0275,9929453.635
OS92726,11-Jul-14,7,Callicebus B,371748.11,9929371.8
OS92726,11-Jul-14,7,Callicebus B,371734.6988,9929407.53
OS92726,11-Jul-14,7,Callicebus B,371737.1945,9929410.066
OS92726,11-Jul-14,7,Callicebus B,371693.6103,9929412.316
OS92726,11-Jul-14,7,Callicebus B,371746.2474,9929413.098
OS92726,11-Jul-14,7,Callicebus B,371724.7625,9929413.724
OS92726,11-Jul-14,7,Callicebus B,371734.5249,9929414.095
OS92726,11-Jul-14,7,Callicebus B,371748.3648,9929414.975
OS92726,11-Jul-14,7,Callicebus B,371748.8753,9929416.443
OS92726,11-Jul-14,7,Callicebus B,371727.6966,9929416.786
OS92726,11-Jul-14,7,Callicebus B,371707.9773,9929435.311
OS92726,11-Jul-14,7,Callicebus B,371670.9409,9929439.681
OS92726,11-Jul-14,7,Callicebus B,371657.128,9929457.274
OS92726,11-Jul-14,7,Callicebus B,371684.2317,9929467.635
OS92726,11-Jul-14,7,Callicebus B,371684.2205,9929467.729
OS92726,11-Jul-14,7,Callicebus B,371664.2309,9929475.912
OS92726,11-Jul-14,7,Callicebus B,371635.69,9929489.15
OS92725,10-Jul-14,7,Callicebus B,371720.3651,9929340.811
OS92725,10-Jul-14,7,Callicebus B,371715.644,9929346.5
OS92725,10-Jul-14,7,Callicebus B,371742.167,9929360.624
OS92725,10-Jul-14,7,Callicebus B,371748.11,9929370.8
OS92729,14-Jul-14,7,Callicebus B,371841.51,9929401.405
OS92729,14-Jul-14,7,Callicebus B,371841.51,9929401.405
OS92729,14-Jul-14,7,Callicebus B,371841.51,9929401.405
OS92729,14-Jul-14,7,Callicebus B,371841.51,9929401.405
OS92729,14-Jul-14,7,Callicebus B,371841.51,9929401.405
OS92729,14-Jul-14,7,Callicebus B,371841.51,9929401.405
OS92729,14-Jul-14,7,Callicebus B,371899.99,9929410.78
OS92729,14-Jul-14,7,Callicebus B,371899.99,9929410.78
OS92729,14-Jul-14,7,Callicebus B,371899.99,9929410.78
OS92729,14-Jul-14,7,Callicebus L,371543.6267,9929299.813
OS92729,14-Jul-14,7,Callicebus L,371526.99,9929349.39
OS92729,14-Jul-14,7,Callicebus L,371526.99,9929349.39
OS92729,14-Jul-14,7,Callicebus L,371526.99,9929349.39
OS92729,14-Jul-14,7,Callicebus L,371526.99,9929349.39
OS92730,15-Jul-14,7,Callicebus L,371624.76,9929262.37
OS92730,15-Jul-14,7,Callicebus L,371618.43,9929263.22
OS92730,15-Jul-14,7,Callicebus L,371641.37,9929282.44
OS92730,15-Jul-14,7,Callicebus L,371604.63,9929286.57
OS92730,15-Jul-14,7,Callicebus L,371644.1657,9929290.113
OS92730,15-Jul-14,7,Callicebus L,371684.08,9929309.89
OS92730,15-Jul-14,7,Callicebus L,371668.3428,9929313.652
OS92730,15-Jul-14,7,Callicebus L,371585.6926,9929318.723
OS92730,15-Jul-14,7,Callicebus L,371664.1314,9929319.289
OS92730,15-Jul-14,7,Callicebus L,371664.1314,9929319.289
OS92730,15-Jul-14,7,Callicebus L,371595.0364,9929319.541
OS92730,15-Jul-14,7,Callicebus L,371593.65,9929326.29
OS92730,15-Jul-14,7,Callicebus L,371479.9096,9929328.583
OS92730,15-Jul-14,7,Callicebus L,371549.6952,9929330.448
OS92730,15-Jul-14,7,Callicebus L,371505.8913,9929334.605
OS92730,15-Jul-14,7,Callicebus L,371668.9725,9929339.16
OS92730,15-Jul-14,7,Callicebus L,371626.0207,9929340.028
OS92730,15-Jul-14,7,Callicebus L,371478.8338,9929341.62
OS92730,15-Jul-14,7,Callicebus L,371448.96,9929360.8
OS92730,15-Jul-14,7,Callicebus L,371448.96,9929360.8
OS92730,15-Jul-14,7,Callicebus L,371464.5347,9929363.328
OS92730,15-Jul-14,7,Callicebus L,371458.06,9929369.4
OS92730,15-Jul-14,7,Callicebus L,371434.49,9929376.52
OS92730,15-Jul-14,7,Callicebus L,371434.49,9929376.52
OS92730,15-Jul-14,7,Callicebus L,371417.9391,9929380.032
OS92730,15-Jul-14,7,Callicebus L,371654.405,9929385.21
OS92730,15-Jul-14,7,Callicebus L,371386.37,9929388.56
OS92730,15-Jul-14,7,Callicebus L,371386.37,9929388.56
OS92730,15-Jul-14,7,Callicebus L,371388.88,9929410.24
OS92730,15-Jul-14,7,Callicebus L,371384.75,9929419.7
OS92730,15-Jul-14,7,Callicebus L,371384.75,9929419.7
OS92731,16-Jul-14,7,Callicebus L,371612.86,9929294.92
OS92731,16-Jul-14,7,Callicebus L,371667.2044,9929313.218
OS92731,16-Jul-14,7,Callicebus L,371683.6431,9929318.205
OS92731,16-Jul-14,7,Callicebus L,371666.58,9929319.22
OS92731,16-Jul-14,7,Callicebus L,371666.58,9929319.22
OS92731,16-Jul-14,7,Callicebus L,371666.58,9929319.22
OS92731,16-Jul-14,7,Callicebus L,371666.58,9929319.22
OS92731,16-Jul-14,7,Callicebus L,371664.1314,9929319.289
OS92731,16-Jul-14,7,Callicebus L,371634.57,9929320.43
OS92731,16-Jul-14,7,Callicebus L,371634.57,9929320.43
OS92731,16-Jul-14,7,Callicebus L,371628.5152,9929333.016
OS92731,16-Jul-14,7,Callicebus L,371675.6789,9929334.117
OS92731,16-Jul-14,7,Callicebus L,371700.8957,9929336.563
OS92731,16-Jul-14,7,Callicebus L,371623.23,9929339.72
OS92731,16-Jul-14,7,Callicebus L,371646.7313,9929357.741
OS92731,16-Jul-14,7,Callicebus L,371653.34,9929382.2
OS92731,16-Jul-14,7,Callicebus L,371624.76,9929262.37
OS92731,16-Jul-14,7,Callicebus L,371624.76,9929262.37
OS92731,16-Jul-14,7,Callicebus L,371624.76,9929262.37
OS92731,16-Jul-14,7,Callicebus L,371705.19,9929277.52
OS92731,16-Jul-14,7,Callicebus L,371705.19,9929277.52
OS92731,16-Jul-14,7,Callicebus L,371705.19,9929277.52
OS92731,16-Jul-14,7,Callicebus L,371697.02,9929280.07
OS92731,16-Jul-14,7,Callicebus L,371664.7027,9929287.744
OS92731,16-Jul-14,7,Callicebus L,371630.7741,9929290.086
OS92731,16-Jul-14,7,Callicebus L,371678.4984,9929317.209
OS92745,30-Jul-14,7,Callicebus B,371763.4674,9929432.631
OS92745,30-Jul-14,7,Callicebus B,371765.9452,9929435.761
OS92745,30-Jul-14,7,Callicebus B,371771.5867,9929449.922
OS92747,1-Aug-14,8,Callicebus K,371964.0094,9929614.604
OS92752,6-Aug-14,8,Callicebus K,371914.7579,9929439.246
OS92752,6-Aug-14,8,Callicebus K,371965.0073,9929442.117
OS92752,6-Aug-14,8,Callicebus K,371937.13,9929444.25
OS92752,6-Aug-14,8,Callicebus K,371937.13,9929444.25
OS92752,6-Aug-14,8,Callicebus K,371937.13,9929444.25
OS92752,6-Aug-14,8,Callicebus K,371911.7758,9929451.941
OS92752,6-Aug-14,8,Callicebus K,371962.612,9929453.236
OS92752,6-Aug-14,8,Callicebus K,371943.64,9929459.93
OS92752,6-Aug-14,8,Callicebus K,371943.64,9929459.93
OS92752,6-Aug-14,8,Callicebus K,371974.1419,9929462.356
OS92752,6-Aug-14,8,Callicebus K,371954.875,9929462.805
OS92752,6-Aug-14,8,Callicebus K,371972.3599,9929463.676
OS92752,6-Aug-14,8,Callicebus K,371946.92,9929464.02
OS92752,6-Aug-14,8,Callicebus K,371946.92,9929464.02
OS92752,6-Aug-14,8,Callicebus K,371912.4635,9929467.367
OS92752,6-Aug-14,8,Callicebus K,371923.77,9929467.88
OS92752,6-Aug-14,8,Callicebus K,371923.77,9929467.88
OS92752,6-Aug-14,8,Callicebus K,371923.77,9929467.88
OS92752,6-Aug-14,8,Callicebus K,371923.77,9929467.88
OS92752,6-Aug-14,8,Callicebus K,371923.77,9929467.88
OS92752,6-Aug-14,8,Callicebus K,371954.393,9929473.949
OS92752,6-Aug-14,8,Callicebus K,371926.2245,9929477.565
OS92752,6-Aug-14,8,Callicebus K,371916.9417,9929488.059
OS92752,6-Aug-14,8,Callicebus K,371960.622,9929488.775
OS92752,6-Aug-14,8,Callicebus K,371917.7159,9929489.492
OS92752,6-Aug-14,8,Callicebus K,371913.44,9929490.004
OS92752,6-Aug-14,8,Callicebus K,371978.119,9929494.43
OS92753,7-Aug-14,8,Callicebus K,371946.92,9929464.02
OS92753,7-Aug-14,8,Callicebus K,371943.9745,9929496.726
OS92753,7-Aug-14,8,Callicebus K,371977.2531,9929499.488
OS92753,7-Aug-14,8,Callicebus K,372009.3025,9929549.831
OS92753,7-Aug-14,8,Callicebus K,372002,9929582.3
OS92753,7-Aug-14,8,Callicebus K,371909.9093,9929597.166
OS92753,7-Aug-14,8,Callicebus K,371917.2817,9929605.063
OS92753,7-Aug-14,8,Callicebus K,371927.123,9929605.683
OS92753,7-Aug-14,8,Callicebus K,371963.62,9929615.71
OS92753,7-Aug-14,8,Callicebus K,371944.8384,9929644.837
OS92753,7-Aug-14,8,Callicebus K,371945.7374,9929646.028
OS92753,7-Aug-14,8,Callicebus K,371999.31,9929646.24
OS92753,7-Aug-14,8,Callicebus K,371945.934,9929647.59
OS92753,7-Aug-14,8,Callicebus K,371949.7319,9929649.432
OS92753,7-Aug-14,8,Callicebus K,371954.583,9929649.694
OS92753,7-Aug-14,8,Callicebus K,371949.536,9929649.739
OS92753,7-Aug-14,8,Callicebus K,371949.5033,9929651.758
OS92753,7-Aug-14,8,Callicebus K,371950.3133,9929657.559
OS92753,7-Aug-14,8,Callicebus K,371937.13,9929444.25
OS92753,7-Aug-14,8,Callicebus K,371937.1269,9929456.466
OS92753,7-Aug-14,8,Callicebus K,371934.2028,9929458.399
OS92753,7-Aug-14,8,Callicebus K,371977.94,9929497.6
OS92753,7-Aug-14,8,Callicebus K,372009.4,9929522.2
OS92753,7-Aug-14,8,Callicebus K,371971.27,9929566.52
OS92753,7-Aug-14,8,Callicebus K,371973.0081,9929571.158
OS92753,7-Aug-14,8,Callicebus K,371955.33,9929596.14
OS92753,7-Aug-14,8,Callicebus K,371955.33,9929596.14
OS92753,7-Aug-14,8,Callicebus K,371955.33,9929596.14
OS92754,8-Aug-14,8,Callicebus K,371937.13,9929444.25
OS92754,8-Aug-14,8,Callicebus K,371964.6116,9929444.564
OS92754,8-Aug-14,8,Callicebus K,371964.6116,9929444.564
OS92754,8-Aug-14,8,Callicebus K,371964.6116,9929444.564
OS92754,8-Aug-14,8,Callicebus K,371974.2,9929463.19
OS92754,8-Aug-14,8,Callicebus K,371974.2,9929463.19
OS92754,8-Aug-14,8,Callicebus K,371971.2005,9929463.242
OS92754,8-Aug-14,8,Callicebus K,371946.92,9929464.02
OS92754,8-Aug-14,8,Callicebus K,371952.2428,9929469.299
OS92754,8-Aug-14,8,Callicebus K,371945.9195,9929488.24
OS92754,8-Aug-14,8,Callicebus K,371975.4225,9929488.836
OS92754,8-Aug-14,8,Callicebus K,371973.2075,9929490.522
OS92754,8-Aug-14,8,Callicebus K,371968.4484,9929491.872
OS92754,8-Aug-14,8,Callicebus K,371974.3144,9929492.309
OS92754,8-Aug-14,8,Callicebus K,371963.0548,9929493.775
OS92754,8-Aug-14,8,Callicebus K,371959.9772,9929495.462
OS92754,8-Aug-14,8,Callicebus K,371968.2795,9929495.673
OS92754,8-Aug-14,8,Callicebus K,371952.6373,9929501.841
OS92754,8-Aug-14,8,Callicebus K,371969.5958,9929501.861
OS92754,8-Aug-14,8,Callicebus K,371955.6298,9929502.563
OS92754,8-Aug-14,8,Callicebus K,371962.8113,9929502.741
OS92754,8-Aug-14,8,Callicebus K,371987.0113,9929503.294
OS92754,8-Aug-14,8,Callicebus K,371961.2904,9929505.936
OS92754,8-Aug-14,8,Callicebus K,371955.2826,9929507.262
OS92754,8-Aug-14,8,Callicebus K,371942.5863,9929513.431
OS92754,8-Aug-14,8,Callicebus K,371959.9137,9929515.738
OS92754,8-Aug-14,8,Callicebus K,371961.0783,9929518.617
OS92754,8-Aug-14,8,Callicebus K,371937.9798,9929519.111
OS92754,8-Aug-14,8,Callicebus K,371937.78,9929526.6
OS92754,8-Aug-14,8,Callicebus K,371937.78,9929526.6
OS92754,8-Aug-14,8,Callicebus K,371937.78,9929526.6
OS92757,11-Aug-14,8,Callicebus B,371773.0861,9929349.294
OS92757,11-Aug-14,8,Callicebus B,371712.3931,9929351.793
OS92757,11-Aug-14,8,Callicebus B,371761.4585,9929353.69
OS92757,11-Aug-14,8,Callicebus B,371786.7818,9929357.777
OS92757,11-Aug-14,8,Callicebus B,371777.9305,9929359.572
OS92757,11-Aug-14,8,Callicebus B,371704.4768,9929377.354
OS92757,11-Aug-14,8,Callicebus B,371707.9397,9929379.305
OS92757,11-Aug-14,8,Callicebus B,371653.34,9929382.2
OS92757,11-Aug-14,8,Callicebus B,371654.405,9929385.21
OS92757,11-Aug-14,8,Callicebus B,371657.21,9929385.92
OS92757,11-Aug-14,8,Callicebus B,371657.21,9929385.92
OS92757,11-Aug-14,8,Callicebus B,371629.97,9929387.59
OS92757,11-Aug-14,8,Callicebus B,371899.99,9929410.78
OS92757,11-Aug-14,8,Callicebus B,371899.99,9929410.78
OS92757,11-Aug-14,8,Callicebus B,371899.99,9929410.78
OS92757,11-Aug-14,8,Callicebus B,371658.0971,9929443.69
OS92757,11-Aug-14,8,Callicebus B,371662.7822,9929454.507
OS92757,11-Aug-14,8,Callicebus B,371671.07,9929459.761
OS92757,11-Aug-14,8,Callicebus B,371675.7152,9929460.117
OS92757,11-Aug-14,8,Callicebus B,371856.33,9929467.08
OS92757,11-Aug-14,8,Callicebus B,371856.33,9929467.08
OS92757,11-Aug-14,8,Callicebus B,371843.6322,9929473.179
OS92757,11-Aug-14,8,Callicebus B,371683.9468,9929477.673
OS92757,11-Aug-14,8,Callicebus B,371711.9164,9929482.517
OS92757,11-Aug-14,8,Callicebus B,371819.6063,9929485.099
OS92757,11-Aug-14,8,Callicebus B,371685.67,9929486.01
OS92757,11-Aug-14,8,Callicebus B,371748.8681,9929487.438
OS92757,11-Aug-14,8,Callicebus B,371798.6486,9929507.609
OS92757,11-Aug-14,8,Callicebus B,371677.6836,9929521.343
OS92757,11-Aug-14,8,Callicebus B,371676.9644,9929522.429
OS92757,11-Aug-14,8,Callicebus B,371672.7707,9929523.618
OS92757,11-Aug-14,8,Callicebus B,371672.6974,9929527.793
OS92757,11-Aug-14,8,Callicebus B,371713.345,9929533.798
OS92757,11-Aug-14,8,Callicebus B,371699.2324,9929538.071
OS92758,12-Aug-14,8,Callicebus B,371770.3361,9929389.063
OS92758,12-Aug-14,8,Callicebus B,371827.0179,9929427.352
OS92758,12-Aug-14,8,Callicebus B,371730.4063,9929427.786
OS92758,12-Aug-14,8,Callicebus B,371834.2121,9929430.594
OS92758,12-Aug-14,8,Callicebus B,371841.1511,9929435.45
OS92758,12-Aug-14,8,Callicebus B,371691.7933,9929435.51
OS92758,12-Aug-14,8,Callicebus B,371836.9273,9929436.781
OS92758,12-Aug-14,8,Callicebus B,371726.2206,9929437.822
OS92758,12-Aug-14,8,Callicebus B,371721.6521,9929438.023
OS92758,12-Aug-14,8,Callicebus B,371830.2918,9929438.221
OS92758,12-Aug-14,8,Callicebus B,371750.3393,9929438.733
OS92758,12-Aug-14,8,Callicebus B,371826.6592,9929438.79
OS92758,12-Aug-14,8,Callicebus B,371835.4533,9929439.023
OS92758,12-Aug-14,8,Callicebus B,371758.8952,9929439.609
OS92758,12-Aug-14,8,Callicebus B,371671.8446,9929439.942
OS92758,12-Aug-14,8,Callicebus B,371690.5375,9929442.682
OS92758,12-Aug-14,8,Callicebus B,371834.3841,9929442.745
OS92758,12-Aug-14,8,Callicebus B,371854.7859,9929442.758
OS92758,12-Aug-14,8,Callicebus B,371835.7934,9929446.184
OS92758,12-Aug-14,8,Callicebus B,371815.0904,9929449.333
OS92758,12-Aug-14,8,Callicebus B,371812.9743,9929451.39
OS92758,12-Aug-14,8,Callicebus B,371694.9022,9929453
OS92758,12-Aug-14,8,Callicebus B,371709.4156,9929453.135
OS92758,12-Aug-14,8,Callicebus B,371816.0329,9929454.688
OS92758,12-Aug-14,8,Callicebus B,371847.3489,9929455.46
OS92758,12-Aug-14,8,Callicebus B,371866.0824,9929455.513
OS92758,12-Aug-14,8,Callicebus B,371807.353,9929456.342
OS92758,12-Aug-14,8,Callicebus B,371712.6693,9929475.069
OS92758,12-Aug-14,8,Callicebus B,371729.1349,9929479.572
OS92758,12-Aug-14,8,Callicebus B,371748.8681,9929487.438
OS92758,12-Aug-14,8,Callicebus B,371726.8898,9929490.823
OS92758,12-Aug-14,8,Callicebus B,371748.226,9929498.058
OS92758,12-Aug-14,8,Callicebus B,371769.537,9929498.516
OS92759,13-Aug-14,8,Callicebus B,371765.2049,9929392.119
OS92759,13-Aug-14,8,Callicebus B,371754.0933,9929394.667
OS92759,13-Aug-14,8,Callicebus B,371754.0933,9929394.667
OS92759,13-Aug-14,8,Callicebus B,371754.0933,9929394.667
OS92759,13-Aug-14,8,Callicebus B,371754.0933,9929394.667
OS92759,13-Aug-14,8,Callicebus B,371734.5196,9929403.052
OS92759,13-Aug-14,8,Callicebus B,371707.4853,9929410.864
OS92759,13-Aug-14,8,Callicebus B,371776.9542,9929415.532
OS92759,13-Aug-14,8,Callicebus B,371767.5367,9929415.858
OS92759,13-Aug-14,8,Callicebus B,371764.2706,9929419.317
OS92759,13-Aug-14,8,Callicebus B,371688.0759,9929427.102
OS92759,13-Aug-14,8,Callicebus B,371800.59,9929433.61
OS92759,13-Aug-14,8,Callicebus B,371661.6454,9929437.093
OS92759,13-Aug-14,8,Callicebus B,371712.6107,9929438.483
OS92759,13-Aug-14,8,Callicebus B,371722.8108,9929441.905
OS92759,13-Aug-14,8,Callicebus B,371722.0516,9929442.932
OS92759,13-Aug-14,8,Callicebus B,371648.583,9929447.905
OS92759,13-Aug-14,8,Callicebus B,371710.4957,9929465.259
OS92759,13-Aug-14,8,Callicebus B,371718.4833,9929479.106
OS92759,13-Aug-14,8,Callicebus B,371720.5329,9929495.827
OS92759,13-Aug-14,8,Callicebus B,371648.7901,9929497.296
OS92759,13-Aug-14,8,Callicebus B,371636.0973,9929527.027
OS92759,13-Aug-14,8,Callicebus B,371702.9508,9929527.467
OS92759,13-Aug-14,8,Callicebus B,371705.0663,9929527.673
OS92759,13-Aug-14,8,Callicebus B,371708.7151,9929529.681
OS92759,13-Aug-14,8,Callicebus B,371706.2719,9929531.624
OS92759,13-Aug-14,8,Callicebus B,371728.0892,9929532.165
OS92759,13-Aug-14,8,Callicebus B,371634.7212,9929534.485
OS92759,13-Aug-14,8,Callicebus B,371645.0255,9929535.247
OS92759,13-Aug-14,8,Callicebus B,371642.6544,9929537.991
OS92759,13-Aug-14,8,Callicebus B,371701.1651,9929540.011
OS92759,13-Aug-14,8,Callicebus B,371700.7144,9929544.548
OS92762,16-Aug-14,8,Callicebus L,371536.974,9929333.523
OS92762,16-Aug-14,8,Callicebus L,371500.2643,9929335.319
OS92762,16-Aug-14,8,Callicebus L,371512.021,9929335.643
OS92762,16-Aug-14,8,Callicebus L,371528.7482,9929344.698
OS92762,16-Aug-14,8,Callicebus L,371498.07,9929345.24
OS92762,16-Aug-14,8,Callicebus L,371538.9,9929345.279
OS92762,16-Aug-14,8,Callicebus L,371544.7516,9929345.731
OS92762,16-Aug-14,8,Callicebus L,371524.9245,9929348.509
OS92762,16-Aug-14,8,Callicebus L,371526.99,9929349.39
OS92762,16-Aug-14,8,Callicebus L,371526.99,9929349.39
OS92762,16-Aug-14,8,Callicebus L,371526.99,9929349.39
OS92762,16-Aug-14,8,Callicebus L,371522.62,9929351.69
OS92762,16-Aug-14,8,Callicebus L,371522.62,9929351.69
OS92762,16-Aug-14,8,Callicebus L,371446.2574,9929358.637
OS92762,16-Aug-14,8,Callicebus L,371551.005,9929360.51
OS92762,16-Aug-14,8,Callicebus L,371551.005,9929360.51
OS92762,16-Aug-14,8,Callicebus L,371551.005,9929360.51
OS92762,16-Aug-14,8,Callicebus L,371551.005,9929360.51
OS92762,16-Aug-14,8,Callicebus L,371551.005,9929360.51
OS92762,16-Aug-14,8,Callicebus L,371539.4896,9929361.028
OS92762,16-Aug-14,8,Callicebus L,371538.6248,9929361.304
OS92762,16-Aug-14,8,Callicebus L,371382.4958,9929381.831
OS92762,16-Aug-14,8,Callicebus L,371410.37,9929382.98
OS92762,16-Aug-14,8,Callicebus L,371391.5375,9929395.175
OS92762,16-Aug-14,8,Callicebus L,371405.8793,9929401.164
OS92762,16-Aug-14,8,Callicebus L,371380.84,9929405.679
OS92762,16-Aug-14,8,Callicebus L,371382.5502,9929407.524
OS92762,16-Aug-14,8,Callicebus L,371421.9111,9929459.166
OS92763,17-Aug-14,8,Callicebus L,371588.7895,9929241.012
OS92763,17-Aug-14,8,Callicebus L,371594.7011,9929246.894
OS92763,17-Aug-14,8,Callicebus L,371608.107,9929272.249
OS92763,17-Aug-14,8,Callicebus L,371595.42,9929273.71
OS92763,17-Aug-14,8,Callicebus L,371641.37,9929282.44
OS92763,17-Aug-14,8,Callicebus L,371641.37,9929282.44
OS92763,17-Aug-14,8,Callicebus L,371641.37,9929282.44
OS92763,17-Aug-14,8,Callicebus L,371604.63,9929286.57
OS92763,17-Aug-14,8,Callicebus L,371656.833,9929289.144
OS92763,17-Aug-14,8,Callicebus L,371556.17,9929289.22
OS92763,17-Aug-14,8,Callicebus L,371556.17,9929289.22
OS92763,17-Aug-14,8,Callicebus L,371644.8239,9929307.9
OS92763,17-Aug-14,8,Callicebus L,371649.5114,9929307.92
OS92763,17-Aug-14,8,Callicebus L,371634.57,9929320.43
OS92763,17-Aug-14,8,Callicebus L,371665.9302,9929327.465
OS92763,17-Aug-14,8,Callicebus L,371520.7124,9929327.64
OS92763,17-Aug-14,8,Callicebus L,371669.7661,9929328.745
OS92763,17-Aug-14,8,Callicebus L,371670.055,9929330.873
OS92763,17-Aug-14,8,Callicebus L,371669.3514,9929332.105
OS92763,17-Aug-14,8,Callicebus L,371664.0724,9929334.199
OS92763,17-Aug-14,8,Callicebus L,371629.9924,9929336.54
OS92763,17-Aug-14,8,Callicebus L,371656.7087,9929337.134
OS92763,17-Aug-14,8,Callicebus L,371709.772,9929337.734
OS92763,17-Aug-14,8,Callicebus L,371656.2789,9929338.102
OS92763,17-Aug-14,8,Callicebus L,371651.3393,9929340.347
OS92763,17-Aug-14,8,Callicebus L,371665.5707,9929342.444
OS92763,17-Aug-14,8,Callicebus L,371526.99,9929349.39
OS92763,17-Aug-14,8,Callicebus L,371671.217,9929370.024
OS92763,17-Aug-14,8,Callicebus L,371644.28,9929373.23
OS92763,17-Aug-14,8,Callicebus L,371644.28,9929373.23
OS92763,17-Aug-14,8,Callicebus L,371657.21,9929385.92
OS92763,17-Aug-14,8,Callicebus L,371627.02,9929386.09
OS92763,17-Aug-14,8,Callicebus L,371652.8799,9929388.42
OS92763,17-Aug-14,8,Callicebus L,371653.133,9929391.518
OS92764,18-Aug-14,8,Callicebus L,371570.75,9929275.49
OS92764,18-Aug-14,8,Callicebus L,371705.19,9929277.52
OS92764,18-Aug-14,8,Callicebus L,371705.19,9929277.52
OS92764,18-Aug-14,8,Callicebus L,371619.04,9929277.87
OS92764,18-Aug-14,8,Callicebus L,371604.63,9929286.57
OS92764,18-Aug-14,8,Callicebus L,371604.63,9929286.57
OS92764,18-Aug-14,8,Callicebus L,371604.63,9929286.57
OS92764,18-Aug-14,8,Callicebus L,371604.63,9929286.57
OS92764,18-Aug-14,8,Callicebus L,371556.17,9929289.22
OS92764,18-Aug-14,8,Callicebus L,371700.8,9929297.85
OS92764,18-Aug-14,8,Callicebus L,371566.5,9929309.57
OS92764,18-Aug-14,8,Callicebus L,371566.5,9929309.57
OS92764,18-Aug-14,8,Callicebus L,371701.7575,9929309.875
OS92764,18-Aug-14,8,Callicebus L,371698.6936,9929310.204
OS92764,18-Aug-14,8,Callicebus L,371706.5102,9929312.257
OS92764,18-Aug-14,8,Callicebus L,371693.3536,9929316.692
OS92764,18-Aug-14,8,Callicebus L,371661.1865,9929319.6
OS92764,18-Aug-14,8,Callicebus L,371580.76,9929321.815
OS92764,18-Aug-14,8,Callicebus L,371678.2661,9929325.654
OS92764,18-Aug-14,8,Callicebus L,371657.0647,9929327.698
OS92764,18-Aug-14,8,Callicebus L,371657.1753,9929330.805
OS92764,18-Aug-14,8,Callicebus L,371703.2363,9929330.906
OS92764,18-Aug-14,8,Callicebus L,371660.1454,9929332.143
OS92764,18-Aug-14,8,Callicebus L,371658.8176,9929332.697
OS92764,18-Aug-14,8,Callicebus L,371599.86,9929338.48
OS92764,18-Aug-14,8,Callicebus L,371599.86,9929338.48
OS92764,18-Aug-14,8,Callicebus L,371635.3559,9929339.431
OS92764,18-Aug-14,8,Callicebus L,371623.23,9929339.72
OS92764,18-Aug-14,8,Callicebus L,371670.4151,9929347.807
OS92764,18-Aug-14,8,Callicebus L,371674.584,9929347.908
OS92764,18-Aug-14,8,Callicebus L,371628.14,9929348.541
OS92764,18-Aug-14,8,Callicebus L,371680.7582,9929349.165
OS92764,18-Aug-14,8,Callicebus L,371664.7091,9929353.264
OS92783,6-Sep-14,9,Callicebus K,371943.2217,9929443.843
OS92783,6-Sep-14,9,Callicebus K,371937.13,9929444.25
OS92783,6-Sep-14,9,Callicebus K,371938.4194,9929449.622
OS92783,6-Sep-14,9,Callicebus K,371955.4852,9929467.225
OS92783,6-Sep-14,9,Callicebus K,371941.6049,9929467.683
OS92783,6-Sep-14,9,Callicebus K,371960.0975,9929475.469
OS92783,6-Sep-14,9,Callicebus K,371935.8032,9929478.278
OS92783,6-Sep-14,9,Callicebus K,371969.8723,9929479.774
OS92783,6-Sep-14,9,Callicebus K,371944.0627,9929485.198
OS92783,6-Sep-14,9,Callicebus K,371960.0853,9929499.816
OS92783,6-Sep-14,9,Callicebus K,371929.0398,9929509.027
OS92783,6-Sep-14,9,Callicebus K,371959.5066,9929515.055
OS92783,6-Sep-14,9,Callicebus K,371944.2465,9929519.694
OS92783,6-Sep-14,9,Callicebus K,371956.6801,9929523.552
OS92783,6-Sep-14,9,Callicebus K,371957.172,9929523.779
OS92783,6-Sep-14,9,Callicebus K,371921.2722,9929526.722
OS92783,6-Sep-14,9,Callicebus K,371918.8536,9929528.263
OS92783,6-Sep-14,9,Callicebus K,371896.0886,9929535.075
OS92783,6-Sep-14,9,Callicebus K,371892.4527,9929535.12
OS92783,6-Sep-14,9,Callicebus K,371887.5958,9929545.918
OS92783,6-Sep-14,9,Callicebus K,371937.169,9929556.785
OS92783,6-Sep-14,9,Callicebus K,371938.9076,9929560.522
OS92783,6-Sep-14,9,Callicebus K,371938.4572,9929569.105
OS92783,6-Sep-14,9,Callicebus K,371860.6231,9929582.36
OS92783,6-Sep-14,9,Callicebus K,371923.8471,9929598.197
OS92783,6-Sep-14,9,Callicebus K,371915.4,9929598.56
OS92783,6-Sep-14,9,Callicebus K,371939.3461,9929605.246
OS92783,6-Sep-14,9,Callicebus K,371926.4008,9929605.325
OS92783,6-Sep-14,9,Callicebus K,371935.5029,9929607.053
OS92783,6-Sep-14,9,Callicebus K,371927.3174,9929607.077
OS92783,6-Sep-14,9,Callicebus K,371936.3807,9929608.141
OS92783,6-Sep-14,9,Callicebus K,371938.1821,9929609.983
OS92783,6-Sep-14,9,Callicebus K,371932.9762,9929613.771
OS92784,7-Sep-14,9,Callicebus K,371937.13,9929444.25
OS92784,7-Sep-14,9,Callicebus K,371937.13,9929444.25
OS92784,7-Sep-14,9,Callicebus K,371937.13,9929444.25
OS92784,7-Sep-14,9,Callicebus K,371937.13,9929444.25
OS92784,7-Sep-14,9,Callicebus K,371992.9181,9929446.247
OS92784,7-Sep-14,9,Callicebus K,371946.9573,9929450.771
OS92784,7-Sep-14,9,Callicebus K,371965.9245,9929456.054
OS92784,7-Sep-14,9,Callicebus K,371938.2693,9929458.701
OS92784,7-Sep-14,9,Callicebus K,371937.3907,9929460.981
OS92784,7-Sep-14,9,Callicebus K,371946.92,9929464.02
OS92784,7-Sep-14,9,Callicebus K,371956.4651,9929474.562
OS92784,7-Sep-14,9,Callicebus K,371962.0372,9929490.528
OS92784,7-Sep-14,9,Callicebus K,371958.1716,9929497.959
OS92784,7-Sep-14,9,Callicebus K,371953.0801,9929502.552
OS92784,7-Sep-14,9,Callicebus K,371960.177,9929503.061
OS92784,7-Sep-14,9,Callicebus K,371948.9549,9929505.809
OS92784,7-Sep-14,9,Callicebus K,371958.8264,9929505.829
OS92784,7-Sep-14,9,Callicebus K,371964.4498,9929506.55
OS92784,7-Sep-14,9,Callicebus K,371947.2416,9929513.505
OS92784,7-Sep-14,9,Callicebus K,371945.8055,9929515.308
OS92784,7-Sep-14,9,Callicebus K,371953.0007,9929519.005
OS92784,7-Sep-14,9,Callicebus K,371937.78,9929526.6
OS92784,7-Sep-14,9,Callicebus K,371937.78,9929526.6
OS92784,7-Sep-14,9,Callicebus K,371937.78,9929526.6
OS92784,7-Sep-14,9,Callicebus K,371937.78,9929526.6
OS92784,7-Sep-14,9,Callicebus K,371937.78,9929526.6
OS92784,7-Sep-14,9,Callicebus K,371978.6717,9929546.059
OS92784,7-Sep-14,9,Callicebus K,371958.7739,9929546.456
OS92784,7-Sep-14,9,Callicebus K,371965.5167,9929547.843
OS92784,7-Sep-14,9,Callicebus K,371971.7571,9929551.496
OS92784,7-Sep-14,9,Callicebus K,371980.4432,9929556.958
OS92784,7-Sep-14,9,Callicebus K,371975.0711,9929557.663
OS92784,7-Sep-14,9,Callicebus K,371965.5991,9929557.903
OS92784,7-Sep-14,9,Callicebus K,371978.7263,9929570.591
OS92785,8-Sep-14,9,Callicebus K,371974.8376,9929461.92
OS92785,8-Sep-14,9,Callicebus K,371986.8814,9929482.325
OS92785,8-Sep-14,9,Callicebus K,371965.7928,9929492.683
OS92785,8-Sep-14,9,Callicebus K,371955.5828,9929493.754
OS92785,8-Sep-14,9,Callicebus K,371953.0314,9929496.54
OS92785,8-Sep-14,9,Callicebus K,371970.7195,9929498.454
OS92785,8-Sep-14,9,Callicebus K,371961.3276,9929498.461
OS92785,8-Sep-14,9,Callicebus K,371956.9859,9929499.569
OS92785,8-Sep-14,9,Callicebus K,371947.8298,9929500.816
OS92785,8-Sep-14,9,Callicebus K,372013.7016,9929500.822
OS92785,8-Sep-14,9,Callicebus K,371972.8483,9929509.252
OS92785,8-Sep-14,9,Callicebus K,372063.3741,9929510.224
OS92785,8-Sep-14,9,Callicebus K,371963.2396,9929513.576
OS92785,8-Sep-14,9,Callicebus K,371962.1901,9929513.821
OS92785,8-Sep-14,9,Callicebus K,371960.1464,9929520.414
OS92785,8-Sep-14,9,Callicebus K,372039.3074,9929520.505
OS92785,8-Sep-14,9,Callicebus K,372057.748,9929522.138
OS92785,8-Sep-14,9,Callicebus K,372066.9327,9929522.29
OS92785,8-Sep-14,9,Callicebus K,371939.2141,9929523.74
OS92785,8-Sep-14,9,Callicebus K,372070.8218,9929529.632
OS92785,8-Sep-14,9,Callicebus K,372081.5851,9929532.808
OS92785,8-Sep-14,9,Callicebus K,371988.9932,9929539.175
OS92785,8-Sep-14,9,Callicebus K,371963.2959,9929540.607
OS92785,8-Sep-14,9,Callicebus K,371961.5192,9929542.87
OS92785,8-Sep-14,9,Callicebus K,371958.5855,9929543.204
OS92785,8-Sep-14,9,Callicebus K,371981.8339,9929544.218
OS92785,8-Sep-14,9,Callicebus K,371959.9674,9929544.358
OS92785,8-Sep-14,9,Callicebus K,371962.9637,9929547.838
OS92785,8-Sep-14,9,Callicebus K,372031.026,9929551.573
OS92785,8-Sep-14,9,Callicebus K,371959.1644,9929552.277
OS92785,8-Sep-14,9,Callicebus K,372023.9616,9929570.408
OS92788,11-Sep-14,9,Callicebus B,371784.7806,9929353.812
OS92788,11-Sep-14,9,Callicebus B,371774.613,9929359.044
OS92788,11-Sep-14,9,Callicebus B,371737.0943,9929360.733
OS92788,11-Sep-14,9,Callicebus B,371794.5209,9929364.359
OS92788,11-Sep-14,9,Callicebus B,371749.533,9929372.022
OS92788,11-Sep-14,9,Callicebus B,371750.44,9929374.16
OS92788,11-Sep-14,9,Callicebus B,371750.1766,9929375.294
OS92788,11-Sep-14,9,Callicebus B,371769.7668,9929381.683
OS92788,11-Sep-14,9,Callicebus B,371782.3648,9929382.094
OS92788,11-Sep-14,9,Callicebus B,371784.54,9929382.88
OS92788,11-Sep-14,9,Callicebus B,371780.9189,9929383.32
OS92788,11-Sep-14,9,Callicebus B,371769.1643,9929383.719
OS92788,11-Sep-14,9,Callicebus B,371772.7976,9929384.932
OS92788,11-Sep-14,9,Callicebus B,371778.9252,9929385.394
OS92788,11-Sep-14,9,Callicebus B,371752.8006,9929386.366
OS92788,11-Sep-14,9,Callicebus B,371764.1711,9929386.487
OS92788,11-Sep-14,9,Callicebus B,371774.8404,9929387.072
OS92788,11-Sep-14,9,Callicebus B,371774.7801,9929388.107
OS92788,11-Sep-14,9,Callicebus B,371772.0401,9929388.222
OS92788,11-Sep-14,9,Callicebus B,371762.5264,9929390.678
OS92788,11-Sep-14,9,Callicebus B,371710.9716,9929402.969
OS92788,11-Sep-14,9,Callicebus B,371714.0434,9929407.075
OS92788,11-Sep-14,9,Callicebus B,371702.9831,9929412.758
OS92788,11-Sep-14,9,Callicebus B,371736.5769,9929429.643
OS92788,11-Sep-14,9,Callicebus B,371746.3119,9929437.903
OS92789,12-Sep-14,9,Callicebus B,371748.6064,9929335.046
OS92789,12-Sep-14,9,Callicebus B,371724.2859,9929335.556
OS92789,12-Sep-14,9,Callicebus B,371717.0332,9929340.352
OS92789,12-Sep-14,9,Callicebus B,371714.3254,9929345.663
OS92789,12-Sep-14,9,Callicebus B,371757.4505,9929360.56
OS92789,12-Sep-14,9,Callicebus B,371725.4886,9929361.935
OS92789,12-Sep-14,9,Callicebus B,371723.9872,9929362.3
OS92789,12-Sep-14,9,Callicebus B,371709.2679,9929362.591
OS92789,12-Sep-14,9,Callicebus B,371724.6659,9929363.31
OS92789,12-Sep-14,9,Callicebus B,371756.1218,9929365.04
OS92789,12-Sep-14,9,Callicebus B,371740.8069,9929365.863
OS92789,12-Sep-14,9,Callicebus B,371713.7886,9929366.847
OS92789,12-Sep-14,9,Callicebus B,371695.3655,9929367.332
OS92789,12-Sep-14,9,Callicebus B,371716.5863,9929367.748
OS92789,12-Sep-14,9,Callicebus B,371735.0388,9929370.529
OS92789,12-Sep-14,9,Callicebus B,371741.2693,9929373.452
OS92789,12-Sep-14,9,Callicebus B,371758.5568,9929375.35
OS92789,12-Sep-14,9,Callicebus B,371666.9539,9929377.708
OS92789,12-Sep-14,9,Callicebus B,371725.2869,9929378.097
OS92789,12-Sep-14,9,Callicebus B,371752.4423,9929381.24
OS92789,12-Sep-14,9,Callicebus B,371743.1552,9929385.377
OS92789,12-Sep-14,9,Callicebus B,371649.4767,9929397.984
OS92789,12-Sep-14,9,Callicebus B,371648.965,9929401.923
OS92789,12-Sep-14,9,Callicebus B,371662.5768,9929412.593
OS92789,12-Sep-14,9,Callicebus B,371709.8442,9929412.994
OS92789,12-Sep-14,9,Callicebus B,371741.94,9929421.32
OS92789,12-Sep-14,9,Callicebus B,371741.94,9929421.32
OS92789,12-Sep-14,9,Callicebus B,371685.2231,9929428.783
OS92789,12-Sep-14,9,Callicebus B,371707.6099,9929435.899
OS92789,12-Sep-14,9,Callicebus B,371699.4109,9929456.572
OS92789,12-Sep-14,9,Callicebus B,371676.6454,9929465.736
OS92789,12-Sep-14,9,Callicebus B,371692.5247,9929474.215
OS92790,13-Sep-14,9,Callicebus B,371753.4401,9929432.908
OS92790,13-Sep-14,9,Callicebus B,371671.098,9929439.22
OS92790,13-Sep-14,9,Callicebus B,371692.1998,9929439.297
OS92790,13-Sep-14,9,Callicebus B,371796.8163,9929440.094
OS92790,13-Sep-14,9,Callicebus B,371790.513,9929443.867
OS92790,13-Sep-14,9,Callicebus B,371808.2105,9929443.996
OS92790,13-Sep-14,9,Callicebus B,371801.6465,9929444.052
OS92790,13-Sep-14,9,Callicebus B,371664.5217,9929444.739
OS92790,13-Sep-14,9,Callicebus B,371647.1054,9929446.516
OS92790,13-Sep-14,9,Callicebus B,371661.815,9929450.087
OS92790,13-Sep-14,9,Callicebus B,371655.6994,9929450.635
OS92790,13-Sep-14,9,Callicebus B,371668.4197,9929451.966
OS92790,13-Sep-14,9,Callicebus B,371652.1611,9929452.403
OS92790,13-Sep-14,9,Callicebus B,371632.9231,9929453.563
OS92790,13-Sep-14,9,Callicebus B,371650.4967,9929454.905
OS92790,13-Sep-14,9,Callicebus B,371805.2971,9929458.031
OS92790,13-Sep-14,9,Callicebus B,371648.0699,9929458.056
OS92790,13-Sep-14,9,Callicebus B,371658.7777,9929460.726
OS92790,13-Sep-14,9,Callicebus B,371778.1519,9929469.151
OS92790,13-Sep-14,9,Callicebus B,371658.1828,9929473.492
OS92790,13-Sep-14,9,Callicebus B,371786.6633,9929474.317
OS92790,13-Sep-14,9,Callicebus B,371652.2495,9929485.025
OS92790,13-Sep-14,9,Callicebus B,371777.9775,9929502.391
OS92790,13-Sep-14,9,Callicebus B,371668.8906,9929505.764
OS92790,13-Sep-14,9,Callicebus B,371751.1387,9929521.785
OS92790,13-Sep-14,9,Callicebus B,371752.3381,9929523.453
OS92790,13-Sep-14,9,Callicebus B,371733.2039,9929537.971
OS92790,13-Sep-14,9,Callicebus B,371707.1046,9929550.166
OS92790,13-Sep-14,9,Callicebus B,371710.4563,9929551.933
OS92790,13-Sep-14,9,Callicebus B,371696.937,9929560.285
OS92790,13-Sep-14,9,Callicebus B,371708.9723,9929574.009
OS92790,13-Sep-14,9,Callicebus B,371709.753,9929576.376
OS92790,13-Sep-14,9,Callicebus B,371707.6625,9929578.757
OS92795,18-Sep-14,9,Callicebus L,371665.8711,9929323.158
OS92795,18-Sep-14,9,Callicebus L,371660.8677,9929331.754
OS92795,18-Sep-14,9,Callicebus L,371665.3632,9929339.738
OS92795,18-Sep-14,9,Callicebus L,371661.0521,9929343.514
OS92796,19-Sep-14,9,Callicebus K,371953.329,9929499.309
OS92796,19-Sep-14,9,Callicebus K,371954.3709,9929503.183
OS92801,4-Oct-14,10,Callicebus B,371682.1753,9929451.532
OS92801,4-Oct-14,10,Callicebus L,371599.2928,9929336.584
OS92801,4-Oct-14,10,Callicebus L,371571.8663,9929346.524
OS92801,4-Oct-14,10,Callicebus K,371961.258,9929496.388
OS92801,4-Oct-14,10,Callicebus K,371947.8328,9929512.164
OS92807,10-Oct-14,10,Callicebus L,371626.9099,9929261.007
OS92807,10-Oct-14,10,Callicebus L,371619.5133,9929271.837
OS92807,10-Oct-14,10,Callicebus L,371636.3333,9929274.152
OS92807,10-Oct-14,10,Callicebus L,371686.6318,9929291.231
OS92807,10-Oct-14,10,Callicebus L,371591.7438,9929297.713
OS92807,10-Oct-14,10,Callicebus L,371679.0518,9929310.772
OS92807,10-Oct-14,10,Callicebus L,371681.9489,9929314.786
OS92807,10-Oct-14,10,Callicebus L,371668.4233,9929316.697
OS92807,10-Oct-14,10,Callicebus L,371677.1892,9929318.677
OS92807,10-Oct-14,10,Callicebus L,371711.4063,9929330.34
OS92807,10-Oct-14,10,Callicebus L,371694.1097,9929339.24
OS92807,10-Oct-14,10,Callicebus L,371694.7833,9929347.96
OS92807,10-Oct-14,10,Callicebus L,371598.2892,9929350.37
OS92807,10-Oct-14,10,Callicebus L,371629.4598,9929354.059
OS92807,10-Oct-14,10,Callicebus L,371605.1302,9929360.391
OS92807,10-Oct-14,10,Callicebus L,371699.48,9929366.607
OS92807,10-Oct-14,10,Callicebus L,371687.3489,9929368.552
OS92807,10-Oct-14,10,Callicebus L,371695.9194,9929368.683
OS92807,10-Oct-14,10,Callicebus L,371620.919,9929372.387
OS92807,10-Oct-14,10,Callicebus L,371620.919,9929372.387
OS92807,10-Oct-14,10,Callicebus L,371665.4551,9929376.742
OS92807,10-Oct-14,10,Callicebus L,371624.1894,9929387.133
OS92807,10-Oct-14,10,Callicebus L,371629.0795,9929387.275
OS92807,10-Oct-14,10,Callicebus L,371634.5811,9929390.043
OS92807,10-Oct-14,10,Callicebus L,371617.3676,9929390.796
OS92807,10-Oct-14,10,Callicebus L,371629.8684,9929392.944
OS92807,10-Oct-14,10,Callicebus L,371624.6088,9929393.178
OS92807,10-Oct-14,10,Callicebus L,371631.867,9929393.73
OS92807,10-Oct-14,10,Callicebus L,371628.4264,9929401.508
OS92808,11-Oct-14,10,Callicebus L,371614.5136,9929264.325
OS92808,11-Oct-14,10,Callicebus L,371614.3745,9929269.079
OS92808,11-Oct-14,10,Callicebus L,371613.7086,9929270.969
OS92808,11-Oct-14,10,Callicebus L,371561.8041,9929274.184
OS92808,11-Oct-14,10,Callicebus L,371613.4962,9929275.086
OS92808,11-Oct-14,10,Callicebus L,371547.9898,9929302.53
OS92808,11-Oct-14,10,Callicebus L,371515.322,9929305.455
OS92808,11-Oct-14,10,Callicebus L,371526.99,9929349.39
OS92808,11-Oct-14,10,Callicebus L,371526.99,9929349.39
OS92808,11-Oct-14,10,Callicebus L,371474.8796,9929351.642
OS92808,11-Oct-14,10,Callicebus L,371490.9464,9929353.008
OS92808,11-Oct-14,10,Callicebus L,371402.1781,9929375.018
OS92808,11-Oct-14,10,Callicebus L,371402.0244,9929375.318
OS92808,11-Oct-14,10,Callicebus L,371402.8976,9929377.193
OS92808,11-Oct-14,10,Callicebus L,371402.6639,9929377.322
OS92808,11-Oct-14,10,Callicebus L,371430.7337,9929377.326
OS92808,11-Oct-14,10,Callicebus L,371403.5808,9929377.838
OS92808,11-Oct-14,10,Callicebus L,371398.0979,9929380.926
OS92808,11-Oct-14,10,Callicebus L,371392.6457,9929381.322
OS92808,11-Oct-14,10,Callicebus L,371393.6606,9929381.391
OS92808,11-Oct-14,10,Callicebus L,371406.9183,9929383.117
OS92808,11-Oct-14,10,Callicebus L,371412.0121,9929383.306
OS92808,11-Oct-14,10,Callicebus L,371406.4583,9929385.045
OS92808,11-Oct-14,10,Callicebus L,371399.2139,9929386.964
OS92808,11-Oct-14,10,Callicebus L,371403.2587,9929389.785
OS92808,11-Oct-14,10,Callicebus L,371375.9032,9929395.635
OS92808,11-Oct-14,10,Callicebus L,371399.0037,9929441.054
OS92808,11-Oct-14,10,Callicebus L,371392.5506,9929448.32
OS92808,11-Oct-14,10,Callicebus L,371396.5159,9929452.931
OS92808,11-Oct-14,10,Callicebus L,371388.6841,9929468.962
OS92808,11-Oct-14,10,Callicebus L,371387.1464,9929472.27
OS92809,12-Oct-14,10,Callicebus L,371588.2371,9929272.444
OS92809,12-Oct-14,10,Callicebus L,371570.75,9929275.49
OS92809,12-Oct-14,10,Callicebus L,371594.0522,9929286.91
OS92809,12-Oct-14,10,Callicebus L,371582.144,9929287.252
OS92809,12-Oct-14,10,Callicebus L,371669.2928,9929305.421
OS92809,12-Oct-14,10,Callicebus L,371605.8334,9929306.626
OS92809,12-Oct-14,10,Callicebus L,371664.5435,9929307.553
OS92809,12-Oct-14,10,Callicebus L,371517.3733,9929309.526
OS92809,12-Oct-14,10,Callicebus L,371651.5478,9929314.095
OS92809,12-Oct-14,10,Callicebus L,371666.58,9929319.22
OS92809,12-Oct-14,10,Callicebus L,371643.908,9929322.249
OS92809,12-Oct-14,10,Callicebus L,371654.7875,9929323.671
OS92809,12-Oct-14,10,Callicebus L,371667.8021,9929327.52
OS92809,12-Oct-14,10,Callicebus L,371641.72,9929330.4
OS92809,12-Oct-14,10,Callicebus L,371656.0733,9929341.783
OS92809,12-Oct-14,10,Callicebus L,371656.0733,9929341.783
OS92809,12-Oct-14,10,Callicebus L,371653.1255,9929345.487
OS92809,12-Oct-14,10,Callicebus L,371651.3777,9929347.779
OS92809,12-Oct-14,10,Callicebus L,371526.99,9929349.39
OS92809,12-Oct-14,10,Callicebus L,371608.0813,9929356.873
OS92809,12-Oct-14,10,Callicebus L,371631.5078,9929362.909
OS92809,12-Oct-14,10,Callicebus L,371597.1702,9929367.39
OS92809,12-Oct-14,10,Callicebus L,371610.5881,9929379.461
OS92809,12-Oct-14,10,Callicebus L,371646.9109,9929380.919
OS92809,12-Oct-14,10,Callicebus L,371618.1837,9929384.383
OS92809,12-Oct-14,10,Callicebus L,371630.2976,9929389.575
OS92809,12-Oct-14,10,Callicebus L,371640.1994,9929408.254
OS92817,20-Oct-14,10,Callicebus K,371948.21,9929426.21
OS92817,20-Oct-14,10,Callicebus K,371941.4223,9929443.081
OS92817,20-Oct-14,10,Callicebus K,371937.13,9929444.25
OS92817,20-Oct-14,10,Callicebus K,371925.5637,9929446.536
OS92817,20-Oct-14,10,Callicebus K,371910.0845,9929465.644
OS92817,20-Oct-14,10,Callicebus K,371960.88,9929466.38
OS92817,20-Oct-14,10,Callicebus K,371960.88,9929466.38
OS92817,20-Oct-14,10,Callicebus K,371947.2195,9929467.798
OS92817,20-Oct-14,10,Callicebus K,371923.77,9929467.88
OS92817,20-Oct-14,10,Callicebus K,371918.6928,9929470.769
OS92817,20-Oct-14,10,Callicebus K,371913.6393,9929474.926
OS92817,20-Oct-14,10,Callicebus K,371919.77,9929476.17
OS92817,20-Oct-14,10,Callicebus K,371973.5851,9929479.209
OS92817,20-Oct-14,10,Callicebus K,371925.8208,9929481.611
OS92817,20-Oct-14,10,Callicebus K,371963.2441,9929493.567
OS92817,20-Oct-14,10,Callicebus K,371923.1076,9929496.178
OS92817,20-Oct-14,10,Callicebus K,371915.1274,9929499.015
OS92817,20-Oct-14,10,Callicebus K,371971.5136,9929500.565
OS92817,20-Oct-14,10,Callicebus K,371960.2627,9929503.033
OS92817,20-Oct-14,10,Callicebus K,371966.6323,9929510.764
OS92817,20-Oct-14,10,Callicebus K,371967.8604,9929513.311
OS92817,20-Oct-14,10,Callicebus K,371967.83,9929515.04
OS92817,20-Oct-14,10,Callicebus K,371967.83,9929515.04
OS92817,20-Oct-14,10,Callicebus K,371967.83,9929515.04
OS92817,20-Oct-14,10,Callicebus K,371954.0007,9929516.36
OS92817,20-Oct-14,10,Callicebus K,371931.4183,9929528.125
OS92817,20-Oct-14,10,Callicebus K,371925.7327,9929556.871
OS92818,21-Oct-14,10,Callicebus K,371962.8244,9929508.81
OS92818,21-Oct-14,10,Callicebus K,371939.5439,9929532.096
OS92818,21-Oct-14,10,Callicebus K,371971.1534,9929533.558
OS92818,21-Oct-14,10,Callicebus K,371962.02,9929535.45
OS92818,21-Oct-14,10,Callicebus K,371962.02,9929535.45
OS92818,21-Oct-14,10,Callicebus K,371967.3767,9929551.551
OS92818,21-Oct-14,10,Callicebus K,371974.243,9929553.15
OS92818,21-Oct-14,10,Callicebus K,371971.8808,9929555.771
OS92818,21-Oct-14,10,Callicebus K,371971.1268,9929558.109
OS92818,21-Oct-14,10,Callicebus K,371964.1633,9929558.161
OS92818,21-Oct-14,10,Callicebus K,371973.2941,9929561.226
OS92818,21-Oct-14,10,Callicebus K,371978.2445,9929565.069
OS92818,21-Oct-14,10,Callicebus K,371960.3856,9929565.43
OS92818,21-Oct-14,10,Callicebus K,371974.7087,9929565.628
OS92818,21-Oct-14,10,Callicebus K,371954.5902,9929581.461
OS92818,21-Oct-14,10,Callicebus K,371956.0027,9929586.593
OS92818,21-Oct-14,10,Callicebus K,371948.5239,9929606.261
OS92818,21-Oct-14,10,Callicebus K,371948.5239,9929606.261
OS92818,21-Oct-14,10,Callicebus K,371935.5876,9929606.503
OS92818,21-Oct-14,10,Callicebus K,371938.53,9929606.61
OS92818,21-Oct-14,10,Callicebus K,371944.7103,9929625.631
OS92818,21-Oct-14,10,Callicebus K,371944.7103,9929625.631
OS92818,21-Oct-14,10,Callicebus K,371944.7103,9929625.631
OS92818,21-Oct-14,10,Callicebus K,371944.7103,9929625.631
OS92818,21-Oct-14,10,Callicebus K,371944.7103,9929625.631
OS92818,21-Oct-14,10,Callicebus K,371944.7103,9929625.631
OS92819,22-Oct-14,10,Callicebus K,371937.13,9929444.25
OS92819,22-Oct-14,10,Callicebus K,371937.13,9929444.25
OS92819,22-Oct-14,10,Callicebus K,371937.13,9929444.25
OS92819,22-Oct-14,10,Callicebus K,371937.13,9929444.25
OS92819,22-Oct-14,10,Callicebus K,371941.6591,9929469.018
OS92819,22-Oct-14,10,Callicebus K,371916.1203,9929488.19
OS92819,22-Oct-14,10,Callicebus K,371972.1396,9929488.264
OS92819,22-Oct-14,10,Callicebus K,371898.9879,9929489.531
OS92819,22-Oct-14,10,Callicebus K,371919.4539,9929491.068
OS92819,22-Oct-14,10,Callicebus K,371984.3539,9929492.506
OS92819,22-Oct-14,10,Callicebus K,371912.6988,9929500.159
OS92819,22-Oct-14,10,Callicebus K,371921.1045,9929500.559
OS92819,22-Oct-14,10,Callicebus K,371958.6703,9929507.264
OS92819,22-Oct-14,10,Callicebus K,371921.2131,9929507.539
OS92819,22-Oct-14,10,Callicebus K,371956.4855,9929508.017
OS92819,22-Oct-14,10,Callicebus K,371912.1248,9929508.985
OS92819,22-Oct-14,10,Callicebus K,371958.1067,9929509.258
OS92819,22-Oct-14,10,Callicebus K,371912.4328,9929515.227
OS92819,22-Oct-14,10,Callicebus K,371941.8554,9929516.938
OS92819,22-Oct-14,10,Callicebus K,371919.8072,9929518.659
OS92819,22-Oct-14,10,Callicebus K,371922.7775,9929518.851
OS92819,22-Oct-14,10,Callicebus K,371899.4232,9929518.9
OS92819,22-Oct-14,10,Callicebus K,371917.7359,9929519.608
OS92819,22-Oct-14,10,Callicebus K,371949.5648,9929520.693
OS92819,22-Oct-14,10,Callicebus K,371931.8954,9929524.525
OS92819,22-Oct-14,10,Callicebus K,371953.7438,9929530.483
OS92819,22-Oct-14,10,Callicebus K,371954.903,9929532.712
OS92819,22-Oct-14,10,Callicebus K,371950.0058,9929534.379
OS92819,22-Oct-14,10,Callicebus K,371962.02,9929535.45
OS92819,22-Oct-14,10,Callicebus K,371963.0482,9929538.338
OS92826,29-Oct-14,10,Callicebus K,371982.9205,9929477.35
OS92826,29-Oct-14,10,Callicebus K,371982.9553,9929496.183
OS92826,29-Oct-14,10,Callicebus K,371962.6848,9929501.102
OS92826,29-Oct-14,10,Callicebus K,371975.0107,9929503.902
OS92826,29-Oct-14,10,Callicebus K,371973.772,9929504.4
OS92826,29-Oct-14,10,Callicebus K,371992.32,9929504.69
OS92826,29-Oct-14,10,Callicebus K,371979.2351,9929504.891
OS92826,29-Oct-14,10,Callicebus K,371956.2272,9929508.31
OS92826,29-Oct-14,10,Callicebus K,371947.6119,9929522.969
OS92826,29-Oct-14,10,Callicebus K,371971.338,9929529.347
OS92826,29-Oct-14,10,Callicebus K,371962.02,9929535.45
OS92827,30-Oct-14,10,Callicebus B,371713.1306,9929363.491
OS92827,30-Oct-14,10,Callicebus B,371723.2736,9929368.522
OS92827,30-Oct-14,10,Callicebus B,371734.2132,9929369.692
OS92827,30-Oct-14,10,Callicebus B,371692.652,9929373.347
OS92827,30-Oct-14,10,Callicebus B,371708.7166,9929373.996
OS92827,30-Oct-14,10,Callicebus B,371727.1247,9929376.586
OS92827,30-Oct-14,10,Callicebus B,371721.2745,9929379.847
OS92827,30-Oct-14,10,Callicebus B,371767.2662,9929381.376
OS92827,30-Oct-14,10,Callicebus B,371645.1655,9929413.334
OS92827,30-Oct-14,10,Callicebus B,371641.766,9929416.604
OS92827,30-Oct-14,10,Callicebus B,371677.3637,9929428.94
OS92827,30-Oct-14,10,Callicebus B,371696.064,9929433.263
OS92827,30-Oct-14,10,Callicebus B,371692.17,9929433.87
OS92827,30-Oct-14,10,Callicebus B,371692.17,9929433.87
OS92827,30-Oct-14,10,Callicebus B,371712.9033,9929438.787
OS92827,30-Oct-14,10,Callicebus B,371732.0617,9929440.097
OS92827,30-Oct-14,10,Callicebus B,371717.547,9929445.821
OS92827,30-Oct-14,10,Callicebus B,371714.3305,9929446.645
OS92827,30-Oct-14,10,Callicebus B,371725.5441,9929447.138
OS92827,30-Oct-14,10,Callicebus B,371711.8172,9929448.393
OS92827,30-Oct-14,10,Callicebus B,371670.0005,9929479.319
OS92827,30-Oct-14,10,Callicebus B,371652.7545,9929510.956
OS92827,30-Oct-14,10,Callicebus B,371698.7033,9929520.416
OS92827,30-Oct-14,10,Callicebus B,371655.8723,9929523.364
OS92827,30-Oct-14,10,Callicebus B,371645.7416,9929530.609
OS92827,30-Oct-14,10,Callicebus B,371648.2307,9929535.122
OS92827,30-Oct-14,10,Callicebus B,371651.5097,9929538.262
OS92827,30-Oct-14,10,Callicebus B,371657.6295,9929548.698
OS92828,31-Oct-14,10,Callicebus B,371845.853,9929386.401
OS92828,31-Oct-14,10,Callicebus B,371865.217,9929398.902
OS92828,31-Oct-14,10,Callicebus B,371841.51,9929401.405
OS92828,31-Oct-14,10,Callicebus B,371841.51,9929401.405
OS92828,31-Oct-14,10,Callicebus B,371872.4454,9929408.384
OS92828,31-Oct-14,10,Callicebus B,371876.373,9929417.743
OS92828,31-Oct-14,10,Callicebus B,371677.3831,9929436.681
OS92828,31-Oct-14,10,Callicebus B,371830.3726,9929445.532
OS92828,31-Oct-14,10,Callicebus B,371772.2428,9929476.784
OS92828,31-Oct-14,10,Callicebus B,371758.996,9929496.333
OS92828,31-Oct-14,10,Callicebus B,371768.6648,9929496.694
OS92828,31-Oct-14,10,Callicebus B,371717.1857,9929513.769
OS92828,31-Oct-14,10,Callicebus B,371673.7163,9929520.314
OS92828,31-Oct-14,10,Callicebus B,371675.5568,9929521.189
OS92828,31-Oct-14,10,Callicebus B,371761.2435,9929523.734
OS92828,31-Oct-14,10,Callicebus B,371705.8203,9929525.268
OS92828,31-Oct-14,10,Callicebus B,371693.9497,9929526.675
OS92828,31-Oct-14,10,Callicebus B,371676.8422,9929531.089
OS92828,31-Oct-14,10,Callicebus B,371737.5754,9929532.933
OS92828,31-Oct-14,10,Callicebus B,371723.88,9929537.889
OS92828,31-Oct-14,10,Callicebus B,371723.1888,9929538.223
OS92828,31-Oct-14,10,Callicebus B,371744.9808,9929542.601
OS92828,31-Oct-14,10,Callicebus B,371733.7113,9929543.407
OS92828,31-Oct-14,10,Callicebus B,371735.1001,9929544.12
OS92828,31-Oct-14,10,Callicebus B,371728.328,9929544.191
OS92828,31-Oct-14,10,Callicebus B,371746.2007,9929546.977
OS92828,31-Oct-14,10,Callicebus B,371752.7092,9929550.742
OS92828,31-Oct-14,10,Callicebus B,371747.99,9929558.42
OS92828,31-Oct-14,10,Callicebus B,371735.6237,9929561.564
OS92834,6-Nov-14,11,Callicebus L,371501.9634,9929302.128
OS92834,6-Nov-14,11,Callicebus L,371520.1501,9929318.87
OS92834,6-Nov-14,11,Callicebus L,371522.7275,9929327.823
OS92834,6-Nov-14,11,Callicebus L,371602.9505,9929343.456
OS92834,6-Nov-14,11,Callicebus L,371647.335,9929345.721
OS92834,6-Nov-14,11,Callicebus L,371706.8959,9929349.132
OS92834,6-Nov-14,11,Callicebus L,371653.0539,9929352.055
OS92834,6-Nov-14,11,Callicebus L,371639.4386,9929352.16
OS92834,6-Nov-14,11,Callicebus L,371694.1335,9929352.334
OS92834,6-Nov-14,11,Callicebus L,371675.5188,9929353.221
OS92834,6-Nov-14,11,Callicebus L,371648.2493,9929357.888
OS92834,6-Nov-14,11,Callicebus L,371551.005,9929360.51
OS92834,6-Nov-14,11,Callicebus L,371642.3056,9929361.348
OS92834,6-Nov-14,11,Callicebus L,371563.7709,9929361.754
OS92834,6-Nov-14,11,Callicebus L,371599.4651,9929362.097
OS92834,6-Nov-14,11,Callicebus L,371594.187,9929365.504
OS92834,6-Nov-14,11,Callicebus L,371574.3459,9929371.184
OS92834,6-Nov-14,11,Callicebus L,371555.2083,9929376.149
OS92834,6-Nov-14,11,Callicebus L,371635.6576,9929388.584
OS92834,6-Nov-14,11,Callicebus L,371590.9242,9929398.884
OS92834,6-Nov-14,11,Callicebus L,371589.9343,9929401.273
OS92834,6-Nov-14,11,Callicebus L,371636.1702,9929410.8
OS92835,7-Nov-14,11,Callicebus L,371626.6653,9929255.112
OS92835,7-Nov-14,11,Callicebus L,371617.6448,9929256.604
OS92835,7-Nov-14,11,Callicebus L,371625.6231,9929257.147
OS92835,7-Nov-14,11,Callicebus L,371627.7672,9929259.348
OS92835,7-Nov-14,11,Callicebus L,371628.6866,9929263.841
OS92835,7-Nov-14,11,Callicebus L,371631.199,9929266.233
OS92835,7-Nov-14,11,Callicebus L,371631.0194,9929267.997
OS92835,7-Nov-14,11,Callicebus L,371633.9941,9929268.685
OS92835,7-Nov-14,11,Callicebus L,371651.5063,9929270.656
OS92835,7-Nov-14,11,Callicebus L,371626.6116,9929275.85
OS92835,7-Nov-14,11,Callicebus L,371635.4368,9929276.915
OS92835,7-Nov-14,11,Callicebus L,371637.0671,9929277.143
OS92835,7-Nov-14,11,Callicebus L,371647.6307,9929277.673
OS92835,7-Nov-14,11,Callicebus L,371656.1421,9929279.835
OS92835,7-Nov-14,11,Callicebus L,371640.7324,9929284.84
OS92835,7-Nov-14,11,Callicebus L,371620.9102,9929285.765
OS92835,7-Nov-14,11,Callicebus L,371624.6374,9929305.452
OS92835,7-Nov-14,11,Callicebus L,371656.1653,9929323.821
OS92835,7-Nov-14,11,Callicebus L,371625.9182,9929340.543
OS92835,7-Nov-14,11,Callicebus L,371650.8495,9929346.094
OS92835,7-Nov-14,11,Callicebus L,371687.5581,9929352.628
OS92835,7-Nov-14,11,Callicebus L,371687.5581,9929352.628
OS92835,7-Nov-14,11,Callicebus L,371706.5288,9929353.47
OS92835,7-Nov-14,11,Callicebus L,371694.3044,9929354.438
OS92835,7-Nov-14,11,Callicebus L,371702.6237,9929358.156
OS92835,7-Nov-14,11,Callicebus L,371702.7214,9929358.94
OS92835,7-Nov-14,11,Callicebus L,371690.4233,9929380.83
OS92835,7-Nov-14,11,Callicebus L,371599.5485,9929411.962
OS92850,22-Nov-14,11,Callicebus K,371934.6155,9929469.091
OS92850,22-Nov-14,11,Callicebus K,371955.3792,9929473.43
OS92850,22-Nov-14,11,Callicebus K,371960.5433,9929492.355
OS92850,22-Nov-14,11,Callicebus K,371910.8282,9929494.271
OS92850,22-Nov-14,11,Callicebus K,371923.2284,9929498.331
OS92850,22-Nov-14,11,Callicebus K,371911.5078,9929500.743
OS92850,22-Nov-14,11,Callicebus K,371955.5543,9929501.502
OS92850,22-Nov-14,11,Callicebus K,371947.4209,9929507.692
OS92850,22-Nov-14,11,Callicebus K,371968.0408,9929508.193
OS92850,22-Nov-14,11,Callicebus K,371940.2252,9929511.079
OS92850,22-Nov-14,11,Callicebus K,371950.1396,9929513.453
OS92850,22-Nov-14,11,Callicebus K,371913.8849,9929516.058
OS92850,22-Nov-14,11,Callicebus K,371919.4716,9929516.411
OS92850,22-Nov-14,11,Callicebus K,371919.0308,9929517.027
OS92850,22-Nov-14,11,Callicebus K,371930.1008,9929517.43
OS92850,22-Nov-14,11,Callicebus K,371947.5919,9929519.455
OS92850,22-Nov-14,11,Callicebus K,371915.5633,9929520.769
OS92850,22-Nov-14,11,Callicebus K,371912.26,9929528.93
OS92850,22-Nov-14,11,Callicebus K,371931.2133,9929543.92
OS92850,22-Nov-14,11,Callicebus K,371924.0043,9929547.076
OS92850,22-Nov-14,11,Callicebus K,371926.949,9929552.286
OS92856,28-Nov-14,11,Callicebus K,371927.4676,9929477.899
OS92856,28-Nov-14,11,Callicebus K,371951.2318,9929491.351
OS92856,28-Nov-14,11,Callicebus K,371951.0296,9929495.102
OS92856,28-Nov-14,11,Callicebus K,371967.3633,9929501.782
OS92856,28-Nov-14,11,Callicebus K,371963.9018,9929503.309
OS92856,28-Nov-14,11,Callicebus K,371987.2156,9929505.52
OS92856,28-Nov-14,11,Callicebus K,371952.681,9929505.592
OS92856,28-Nov-14,11,Callicebus K,371950.142,9929507.424
OS92856,28-Nov-14,11,Callicebus K,371928.38,9929508.652
OS92856,28-Nov-14,11,Callicebus K,371945.0501,9929508.999
OS92856,28-Nov-14,11,Callicebus K,371954.9779,9929510.976
OS92856,28-Nov-14,11,Callicebus K,371960.6411,9929512.912
OS92856,28-Nov-14,11,Callicebus K,371924.1837,9929516.344
OS92856,28-Nov-14,11,Callicebus K,371980.7871,9929517.328
OS92856,28-Nov-14,11,Callicebus K,371933.1613,9929522.171
OS92856,28-Nov-14,11,Callicebus K,371964.4696,9929522.567
OS92856,28-Nov-14,11,Callicebus K,371947.0132,9929524.179
OS92856,28-Nov-14,11,Callicebus K,371912.26,9929528.93
OS92856,28-Nov-14,11,Callicebus K,371912.26,9929528.93
OS92856,28-Nov-14,11,Callicebus K,371894.7092,9929532.457
OS92856,28-Nov-14,11,Callicebus K,371889.8978,9929533.624
OS92856,28-Nov-14,11,Callicebus K,371908.7224,9929534.986
OS92856,28-Nov-14,11,Callicebus K,371901.91,9929536.268
OS92856,28-Nov-14,11,Callicebus K,371902.4335,9929539.344
OS92856,28-Nov-14,11,Callicebus K,371910.7044,9929550.033
OS92857,29-Nov-14,11,Callicebus K,371930.5447,9929592.709
OS92857,29-Nov-14,11,Callicebus K,371931.2221,9929594.237
OS92857,29-Nov-14,11,Callicebus K,371964.2421,9929594.286
OS92857,29-Nov-14,11,Callicebus K,371915.72,9929596.197
OS92857,29-Nov-14,11,Callicebus K,371923.894,9929597.819
OS92857,29-Nov-14,11,Callicebus K,371918.2169,9929598.185
OS92857,29-Nov-14,11,Callicebus K,371922.5575,9929602.045
OS92857,29-Nov-14,11,Callicebus K,371921.5088,9929603.681
OS92857,29-Nov-14,11,Callicebus K,371923.296,9929604.085
OS92857,29-Nov-14,11,Callicebus K,371924.4087,9929605.112
OS92857,29-Nov-14,11,Callicebus K,371921.6,9929609.129
OS92857,29-Nov-14,11,Callicebus K,371918.7496,9929609.907
OS92857,29-Nov-14,11,Callicebus K,371922.4654,9929610.977
OS92857,29-Nov-14,11,Callicebus K,371953.3931,9929611.012
OS92857,29-Nov-14,11,Callicebus K,371922.1391,9929612.007
OS92857,29-Nov-14,11,Callicebus K,371928.4136,9929612.325
OS92857,29-Nov-14,11,Callicebus K,371927.1766,9929614.713
OS92857,29-Nov-14,11,Callicebus K,371931.3442,9929615.661
OS92857,29-Nov-14,11,Callicebus K,371941.9702,9929615.909
OS92857,29-Nov-14,11,Callicebus K,371951.2579,9929618.794
OS92857,29-Nov-14,11,Callicebus K,371948.0284,9929623.26
OS92862,4-Dec-14,12,Callicebus L,371633.5713,9929317.624
OS92862,4-Dec-14,12,Callicebus L,371571.8102,9929343.407
OS92862,4-Dec-14,12,Callicebus L,371522.1968,9929343.466
OS92862,4-Dec-14,12,Callicebus L,371550.5409,9929355.823
OS92862,4-Dec-14,12,Callicebus L,371533.3831,9929356.269
OS92862,4-Dec-14,12,Callicebus L,371624.6267,9929357.992
OS92862,4-Dec-14,12,Callicebus L,371551.005,9929360.51
OS92862,4-Dec-14,12,Callicebus L,371551.005,9929360.51
OS92862,4-Dec-14,12,Callicebus L,371551.005,9929360.51
OS92862,4-Dec-14,12,Callicebus L,371551.005,9929360.51
OS92862,4-Dec-14,12,Callicebus L,371551.005,9929360.51
OS92862,4-Dec-14,12,Callicebus L,371587.0141,9929361.439
OS92867,9-Dec-14,12,Callicebus K,371916.9266,9929475.827
OS92867,9-Dec-14,12,Callicebus K,371914.6886,9929500.585
OS92867,9-Dec-14,12,Callicebus K,371958.5294,9929520.23
OS92867,9-Dec-14,12,Callicebus K,372020.2268,9929579.758
OS20903,22-Dec-14,12,Callicebus K,371930.3448,9929481.337
OS20903,22-Dec-14,12,Callicebus K,371911.6311,9929521.968
OS20904,23-Dec-14,12,Callicebus K,371945.0886,9929575.821
OS20904,23-Dec-14,12,Callicebus K,371944.3268,9929578.285
OS20904,23-Dec-14,12,Callicebus K,371924.6606,9929578.691
OS20906,25-Dec-14,12,Callicebus K,371968.1303,9929461.136
OS20906,25-Dec-14,12,Callicebus K,371978.3208,9929467.616
OS20906,25-Dec-14,12,Callicebus K,371946.6771,9929469.848
OS20906,25-Dec-14,12,Callicebus K,371956.3577,9929472.447
OS20906,25-Dec-14,12,Callicebus K,371970.1738,9929509.971
OS20906,25-Dec-14,12,Callicebus K,371971.1497,9929510.643
OS20906,25-Dec-14,12,Callicebus K,371956.9943,9929511.942
OS20907,26-Dec-14,12,Callicebus L,371403.7164,9929433.094
OS20912,31-Dec-14,12,Callicebus L,371597.2484,9929282.256
OS20912,31-Dec-14,12,Callicebus L,371624.601,9929288.976
OS20912,31-Dec-14,12,Callicebus L,371660.4587,9929299.836
OS20912,31-Dec-14,12,Callicebus L,371665.206,9929311.108
OS20912,31-Dec-14,12,Callicebus L,371667.0343,9929340.663
OS20912,31-Dec-14,12,Callicebus L,371656.74,9929349.748
OS20912,31-Dec-14,12,Callicebus L,371676.335,9929351.398
OS20912,31-Dec-14,12,Callicebus L,371676.335,9929351.398
OS20912,31-Dec-14,12,Callicebus L,371676.335,9929351.398
OS20912,31-Dec-14,12,Callicebus L,371676.335,9929351.398
OS20912,31-Dec-14,12,Callicebus L,371655.2253,9929351.617
OS20912,31-Dec-14,12,Callicebus L,371655.2253,9929351.617
OS20912,31-Dec-14,12,Callicebus L,371628.4311,9929380.75
OS20912,31-Dec-14,12,Callicebus K,371977.5484,9929537.822
OS20912,31-Dec-14,12,Callicebus K,371981.7682,9929539.187
OS20912,31-Dec-14,12,Callicebus K,371978.5163,9929548.931
OS20912,31-Dec-14,12,Callicebus K,371973.8632,9929564.164
OS20912,31-Dec-14,12,Callicebus K,371978.1131,9929600.33
OS20912,31-Dec-14,12,Callicebus K,371994.4662,9929602.78
OS20913,1-Jan-15,1,Callicebus L,371697.98,9929290.87
OS20913,1-Jan-15,1,Callicebus L,371706.5766,9929314.276
OS20917,5-Jan-15,1,Callicebus L,371661.3633,9929345.035
OS20917,5-Jan-15,1,Callicebus L,371653.802,9929278.639
OS20917,5-Jan-15,1,Callicebus L,371682.667,9929284.106
OS20917,5-Jan-15,1,Callicebus L,371643.7906,9929338.127
OS20917,5-Jan-15,1,Callicebus L,371661.3633,9929345.035
OS20917,5-Jan-15,1,Callicebus L,371661.3633,9929345.035
OS20917,5-Jan-15,1,Callicebus L,371630.0818,9929364.304
OS20917,5-Jan-15,1,Callicebus L,371630.0818,9929364.304
OS20917,5-Jan-15,1,Callicebus L,371630.0818,9929364.304
OS20919,7-Jan-15,1,Callicebus B,371761.2719,9929558.118
OS20919,7-Jan-15,1,Callicebus B,371761.2719,9929558.118
OS20919,7-Jan-15,1,Callicebus B,371761.2719,9929558.118
OS20919,7-Jan-15,1,Callicebus B,371882.5994,9929578.395
OS20921,9-Jan-15,1,Callicebus K,371938.1981,9929522.622
OS20921,9-Jan-15,1,Callicebus K,371938.1981,9929522.622
OS20921,9-Jan-15,1,Callicebus K,371938.1981,9929522.622
OS20921,9-Jan-15,1,Callicebus K,371938.1981,9929522.622
OS20921,9-Jan-15,1,Callicebus K,371938.1981,9929522.622
OS20921,9-Jan-15,1,Callicebus K,371938.1981,9929522.622
OS20921,9-Jan-15,1,Callicebus K,371938.1981,9929522.622
OS20921,9-Jan-15,1,Callicebus K,371938.1981,9929522.622
OS20921,9-Jan-15,1,Callicebus K,371938.1981,9929522.622
OS20926,14-Jan-15,1,Callicebus L,371570.75,9929265.49
OS20926,14-Jan-15,1,Callicebus L,371570.75,9929265.49
OS20926,14-Jan-15,1,Callicebus L,371570.75,9929265.49
OS20926,14-Jan-15,1,Callicebus L,371570.75,9929265.49
OS20926,14-Jan-15,1,Callicebus L,371604.9463,9929268.21
OS20926,14-Jan-15,1,Callicebus L,371595.7203,9929282.441
OS20926,14-Jan-15,1,Callicebus L,371598.4184,9929290.896
OS20926,14-Jan-15,1,Callicebus L,371647.2265,9929351.477
OS20927,15-Jan-15,1,Callicebus L,371677.835,9929348.8
OS20927,15-Jan-15,1,Callicebus L,371655.2253,9929351.617
OS20927,15-Jan-15,1,Callicebus L,371654.3357,9929409.415
OS20927,15-Jan-15,1,Callicebus L,371654.3357,9929409.415
OS20927,15-Jan-15,1,Callicebus L,371654.3357,9929409.415
OS20927,15-Jan-15,1,Callicebus L,371654.3357,9929409.415
OS20927,15-Jan-15,1,Callicebus L,371654.3357,9929409.415
OS20927,15-Jan-15,1,Callicebus L,371654.3357,9929409.415
OS20932,20-Jan-15,1,Callicebus K,371954.4172,9929555.975
OS20934,22-Jan-15,1,Callicebus K,371987.7185,9929452.379
OS20935,23-Jan-15,1,Callicebus K,371960.5251,9929512.506
OS20937,25-Jan-15,1,Callicebus L,371377.7694,9929429.522
OS20937,25-Jan-15,1,Callicebus L,371376.5274,9929432.62
OS20940,28-Jan-15,1,Callicebus K,371901.8562,9929566.893
OS20940,28-Jan-15,1,Callicebus K,371905.8615,9929583.295
OS20940,28-Jan-15,1,Callicebus K,371906.9213,9929584.991
OS20940,28-Jan-15,1,Callicebus K,371901.3046,9929593.43
OS20940,28-Jan-15,1,Callicebus K,371939.1966,9929620.567
OS20940,28-Jan-15,1,Callicebus K,371956.7508,9929636.155
OS20940,28-Jan-15,1,Callicebus K,372006.8089,9929639.635
OS20940,28-Jan-15,1,Callicebus K,371966.26,9929655.25
OS20940,28-Jan-15,1,Callicebus K,371970.6832,9929660.991
OS20940,28-Jan-15,1,Callicebus K,371998.2894,9929666.7
OS20940,28-Jan-15,1,Callicebus K,371964.1512,9929677.318
OS20940,28-Jan-15,1,Callicebus K,371980.3486,9929677.557
OS20940,28-Jan-15,1,Callicebus K,371987.3229,9929678.055
OS20954,11-Feb-15,2,Callicebus L,371703.7927,9929297.641
OS20954,11-Feb-15,2,Callicebus L,371702.1177,9929310.261
OS20954,11-Feb-15,2,Callicebus L,371706.5766,9929314.276
OS20954,11-Feb-15,2,Callicebus L,371655.3898,9929323.79
OS20954,11-Feb-15,2,Callicebus L,371655.3898,9929323.79
OS20954,11-Feb-15,2,Callicebus L,371653.5079,9929348.15
OS20954,11-Feb-15,2,Callicebus L,371653.5079,9929348.15
OS20954,11-Feb-15,2,Callicebus L,371666.58,9929319.22
OS20954,11-Feb-15,2,Callicebus L,371666.58,9929319.22
OS20954,11-Feb-15,2,Callicebus L,371666.58,9929319.22
OS20954,11-Feb-15,2,Callicebus L,371666.58,9929319.22
OS20954,11-Feb-15,2,Callicebus L,371666.58,9929319.22
OS20954,11-Feb-15,2,Callicebus L,371666.58,9929319.22
OS20954,11-Feb-15,2,Callicebus L,371666.58,9929319.22
OS20954,11-Feb-15,2,Callicebus L,371666.58,9929319.22
OS20954,11-Feb-15,2,Callicebus L,371634.01,9929343.74
OS20955,12-Feb-15,2,Callicebus L,371706.5766,9929314.276
OS20955,12-Feb-15,2,Callicebus L,371706.5766,9929314.276
OS20955,12-Feb-15,2,Callicebus L,371706.5766,9929314.276
OS20955,12-Feb-15,2,Callicebus L,371603.3241,9929336.48
OS20955,12-Feb-15,2,Callicebus L,371674.3956,9929388.585
OS20955,12-Feb-15,2,Callicebus L,371674.3956,9929388.585
OS20955,12-Feb-15,2,Callicebus L,371674.3956,9929388.585
OS20955,12-Feb-15,2,Callicebus L,371674.3956,9929388.585
OS20955,12-Feb-15,2,Callicebus L,371635.64,9929390.88
OS20955,12-Feb-15,2,Callicebus L,371635.64,9929390.88
OS20955,12-Feb-15,2,Callicebus L,371635.64,9929390.88
OS20955,12-Feb-15,2,Callicebus L,371635.64,9929390.88
OS20955,12-Feb-15,2,Callicebus L,371647.3105,9929395.819
OS20955,12-Feb-15,2,Callicebus L,371647.3105,9929395.819
OS20955,12-Feb-15,2,Callicebus L,371647.3105,9929395.819
OS20955,12-Feb-15,2,Callicebus L,371647.3105,9929395.819
OS20961,18-Feb-15,2,Callicebus K,371952.6708,9929534.417
OS20961,18-Feb-15,2,Callicebus K,371995.8119,9929545.63
OS20961,18-Feb-15,2,Callicebus K,371943.3251,9929552.031
OS20961,18-Feb-15,2,Callicebus K,371952.0565,9929561.22
OS20961,18-Feb-15,2,Callicebus K,371990.2643,9929563.161
OS20961,18-Feb-15,2,Callicebus K,371948.9232,9929436.825
OS20961,18-Feb-15,2,Callicebus K,371974.2,9929463.19
OS20962,19-Feb-15,2,Callicebus K,371921.4594,9929472.987
OS20962,19-Feb-15,2,Callicebus K,371894.0983,9929503.905
OS20962,19-Feb-15,2,Callicebus K,371945.9769,9929508.414
OS20962,19-Feb-15,2,Callicebus K,371945.9769,9929508.414
OS20962,19-Feb-15,2,Callicebus K,371945.9769,9929508.414
OS20962,19-Feb-15,2,Callicebus K,371864.5,9929518.37
OS20962,19-Feb-15,2,Callicebus K,371981.9892,9929480.763
OS20962,19-Feb-15,2,Callicebus K,371978.2676,9929501.205
OS20962,19-Feb-15,2,Callicebus K,371981.8537,9929511.524
OS20968,25-Feb-15,2,Callicebus L,371571.88,9929260.4
OS20968,25-Feb-15,2,Callicebus L,371598.6739,9929266.402
OS20968,25-Feb-15,2,Callicebus L,371598.6739,9929266.402
OS20968,25-Feb-15,2,Callicebus L,371598.6739,9929266.402
OS20968,25-Feb-15,2,Callicebus L,371598.6739,9929266.402
OS20968,25-Feb-15,2,Callicebus L,371583.28,9929267.46
OS20968,25-Feb-15,2,Callicebus L,371583.28,9929267.46
OS20968,25-Feb-15,2,Callicebus L,371775.7082,9929372.64
OS20968,25-Feb-15,2,Callicebus L,371693.3654,9929376.708
OS20968,25-Feb-15,2,Callicebus L,371707.0235,9929379.057
OS20969,26-Feb-15,2,Callicebus L,371666.58,9929319.22
OS20969,26-Feb-15,2,Callicebus L,371661.7253,9929340.359
OS20969,26-Feb-15,2,Callicebus L,371676.1414,9929340.512
OS20969,26-Feb-15,2,Callicebus L,371675.7675,9929357.827
OS20969,26-Feb-15,2,Callicebus L,371684.4987,9929364.286
OS20969,26-Feb-15,2,Callicebus L,371701.4518,9929369.994
OS20969,26-Feb-15,2,Callicebus L,371701.4518,9929369.994
OS20969,26-Feb-15,2,Callicebus L,371681.7203,9929380.043
OS20969,26-Feb-15,2,Callicebus L,371681.7203,9929380.043
OS20969,26-Feb-15,2,Callicebus L,371681.7203,9929380.043
OS20969,26-Feb-15,2,Callicebus L,371674.3956,9929388.585
OS20969,26-Feb-15,2,Callicebus L,371674.3956,9929388.585
OS20969,26-Feb-15,2,Callicebus L,371640.7081,9929402.07
OS20969,26-Feb-15,2,Callicebus L,371640.7081,9929402.07
OS20969,26-Feb-15,2,Callicebus L,371651.9844,9929406.174
OS20976,5-Mar-15,3,Callicebus K,371880.06,9929502.52
OS20976,5-Mar-15,3,Callicebus K,371864.5,9929518.37
OS20976,5-Mar-15,3,Callicebus K,371864.5,9929518.37
OS20976,5-Mar-15,3,Callicebus K,371864.5,9929518.37
OS20976,5-Mar-15,3,Callicebus K,371864.5,9929518.37
OS20976,5-Mar-15,3,Callicebus K,371905.8774,9929539.737
OS20976,5-Mar-15,3,Callicebus K,371872.9703,9929541.145
OS20976,5-Mar-15,3,Callicebus K,371904.9283,9929542.525
OS20976,5-Mar-15,3,Callicebus K,371904.9283,9929542.525
OS20976,5-Mar-15,3,Callicebus K,371916.2192,9929597.986
OS20976,5-Mar-15,3,Callicebus K,371916.2192,9929597.986
OS20976,5-Mar-15,3,Callicebus K,371883.5349,9929597.994
OS20976,5-Mar-15,3,Callicebus K,371903.87,9929598.14
OS20976,5-Mar-15,3,Callicebus K,371915.4,9929598.56
OS20976,5-Mar-15,3,Callicebus K,371896.3232,9929595.058
OS20976,5-Mar-15,3,Callicebus K,371883.3441,9929603.294
OS20977,6-Mar-15,3,Callicebus K,371979.0077,9929436.009
OS20977,6-Mar-15,3,Callicebus K,371948.67,9929453.234
OS20977,6-Mar-15,3,Callicebus K,371965.135,9929454.55
OS20977,6-Mar-15,3,Callicebus K,371980.3213,9929470.327
OS20977,6-Mar-15,3,Callicebus K,371978.3797,9929487.977
OS20977,6-Mar-15,3,Callicebus K,371970.8849,9929488.323
OS20977,6-Mar-15,3,Callicebus K,372010.8766,9929500.195
OS20977,6-Mar-15,3,Callicebus K,371949.1189,9929502.998
OS20977,6-Mar-15,3,Callicebus K,371967.4425,9929510.004
OS20978,7-Mar-15,3,Callicebus K,371948.67,9929453.234
OS20978,7-Mar-15,3,Callicebus K,371991.0642,9929506.744
OS20978,7-Mar-15,3,Callicebus K,372055.2892,9929592.152
OS20980,9-Mar-15,3,Callicebus L,371602.31,9929247.28
OS20980,9-Mar-15,3,Callicebus L,371591.0655,9929253.468
OS20980,9-Mar-15,3,Callicebus L,371594.3051,9929258.043
OS20980,9-Mar-15,3,Callicebus L,371573.5705,9929264.025
OS20980,9-Mar-15,3,Callicebus L,371633.2021,9929265.825
OS20980,9-Mar-15,3,Callicebus L,371589.2916,9929268.568
OS20980,9-Mar-15,3,Callicebus L,371599.2767,9929269.114
OS20980,9-Mar-15,3,Callicebus L,371570.75,9929275.49
OS20980,9-Mar-15,3,Callicebus L,371612.86,9929294.92
OS20980,9-Mar-15,3,Callicebus L,371629.6,9929303.69
OS20980,9-Mar-15,3,Callicebus L,371672.6831,9929307.742
OS20980,9-Mar-15,3,Callicebus L,371672.6831,9929307.742
OS20980,9-Mar-15,3,Callicebus L,371672.6831,9929307.742
OS20980,9-Mar-15,3,Callicebus L,371636.6538,9929308.612
OS20980,9-Mar-15,3,Callicebus L,371635.0835,9929313.783
OS20980,9-Mar-15,3,Callicebus L,371710.8,9929315.171
OS20980,9-Mar-15,3,Callicebus L,371695.3926,9929318.538
OS20980,9-Mar-15,3,Callicebus L,371666.58,9929319.22
OS20980,9-Mar-15,3,Callicebus L,371666.58,9929319.22
OS20980,9-Mar-15,3,Callicebus L,371666.58,9929319.22
OS20980,9-Mar-15,3,Callicebus L,371679.2231,9929319.347
OS20980,9-Mar-15,3,Callicebus L,371597.9255,9929321.263
OS20981,10-Mar-15,3,Callicebus L,371653.6811,9929303.15
OS20981,10-Mar-15,3,Callicebus L,371635.063,9929313.093
OS20981,10-Mar-15,3,Callicebus L,371654.819,9929317.081
OS20981,10-Mar-15,3,Callicebus L,371617.2628,9929319.233
OS20981,10-Mar-15,3,Callicebus L,371634.57,9929320.43
OS20981,10-Mar-15,3,Callicebus L,371602.9242,9929335.909
OS20981,10-Mar-15,3,Callicebus L,371602.9242,9929335.909
OS20981,10-Mar-15,3,Callicebus L,371676.1414,9929340.512
OS20981,10-Mar-15,3,Callicebus L,371640.3585,9929354.929
OS20981,10-Mar-15,3,Callicebus L,371686.1414,9929357.833
OS20981,10-Mar-15,3,Callicebus L,371701.4518,9929369.994
OS20981,10-Mar-15,3,Callicebus L,371674.3956,9929388.585
OS20981,10-Mar-15,3,Callicebus L,371674.3956,9929388.585
OS20981,10-Mar-15,3,Callicebus L,371674.3956,9929388.585
OS20981,10-Mar-15,3,Callicebus L,371674.3956,9929388.585
OS20981,10-Mar-15,3,Callicebus L,371674.3956,9929388.585
OS20981,10-Mar-15,3,Callicebus L,371674.3956,9929388.585
OS20989,17-Mar-15,3,Callicebus K,372007.4419,9929556.654
OS20989,17-Mar-15,3,Callicebus K,372061.7671,9929575.184
OS20989,17-Mar-15,3,Callicebus K,372058.2668,9929583.266
OS20989,17-Mar-15,3,Callicebus K,372049.1608,9929587.01
OS20989,17-Mar-15,3,Callicebus K,372066.4583,9929589.002
OS20989,17-Mar-15,3,Callicebus K,372066.4583,9929589.002
OS20989,17-Mar-15,3,Callicebus K,372066.4583,9929589.002
OS20989,17-Mar-15,3,Callicebus K,372066.4583,9929589.002
OS20989,17-Mar-15,3,Callicebus K,372066.4583,9929589.002
OS20989,17-Mar-15,3,Callicebus K,372055.2892,9929592.152
OS20989,17-Mar-15,3,Callicebus K,372060.6979,9929597.053
OS20989,17-Mar-15,3,Callicebus K,372129.6117,9929599.007
OS20989,17-Mar-15,3,Callicebus K,372054.4465,9929604.932
OS20989,17-Mar-15,3,Callicebus K,372054.4465,9929604.932
OS20989,17-Mar-15,3,Callicebus K,372077.3527,9929671.634
OS20995,30-Mar-15,3,Callicebus K,371979.1862,9929503.677
OS20995,30-Mar-15,3,Callicebus K,372003.3894,9929515.458
OS20995,30-Mar-15,3,Callicebus K,371997.5384,9929554.092
OS20990,18-Mar-15,3,Callicebus K,371993.5568,9929624.015
OS20990,18-Mar-15,3,Callicebus K,371985.1303,9929631.086
OS21001,5-Apr-15,4,Callicebus K,371837.4461,9929632.367
OS21002,6-Apr-15,4,Callicebus L,371666.58,9929319.22
OS21002,6-Apr-15,4,Callicebus L,371674.7522,9929332.634
OS21002,6-Apr-15,4,Callicebus L,371676.1414,9929340.512
OS21002,6-Apr-15,4,Callicebus L,371676.1414,9929340.512
OS21002,6-Apr-15,4,Callicebus L,371676.1414,9929340.512
OS21002,6-Apr-15,4,Callicebus L,371701.4518,9929369.994
OS21002,6-Apr-15,4,Callicebus L,371715.6889,9929384.178
OS21002,6-Apr-15,4,Callicebus L,371701.2,9929388.06
OS21002,6-Apr-15,4,Callicebus L,371716.08,9929390.14
OS21002,6-Apr-15,4,Callicebus L,371706.8457,9929401.686
OS21002,6-Apr-15,4,Callicebus L,371714.2181,9929406.848
OS21002,6-Apr-15,4,Callicebus L,371710.9446,9929409.797
OS21003,7-Apr-15,4,Callicebus L,371512.1654,9929340.11
OS21003,7-Apr-15,4,Callicebus L,371401.1825,9929354.021
OS21003,7-Apr-15,4,Callicebus L,371405.627,9929354.52
OS21003,7-Apr-15,4,Callicebus L,371406.5219,9929357.938
OS21003,7-Apr-15,4,Callicebus L,371464.3709,9929362.253
OS21003,7-Apr-15,4,Callicebus L,371396.3573,9929367.647
OS21003,7-Apr-15,4,Callicebus L,371412.4538,9929371.162
OS21003,7-Apr-15,4,Callicebus L,371406.5133,9929387.576
OS21003,7-Apr-15,4,Callicebus L,371416.5663,9929400.768
OS21003,7-Apr-15,4,Callicebus L,371431.004,9929412.524
OS21003,7-Apr-15,4,Callicebus L,371424.2294,9929413.619
OS21003,7-Apr-15,4,Callicebus L,371436.7207,9929466.062
OS21003,7-Apr-15,4,Callicebus L,371388.2305,9929471.262
OS21003,7-Apr-15,4,Callicebus L,371388.2305,9929471.262
OS21003,7-Apr-15,4,Callicebus L,371388.2305,9929471.262
OS21003,7-Apr-15,4,Callicebus L,371388.2305,9929471.262
OS21003,7-Apr-15,4,Callicebus L,371386.73,9929476.292
OS21007,11-Apr-15,4,Callicebus K,371860.5312,9929427.256
OS21007,11-Apr-15,4,Callicebus K,371906.4254,9929477.672
OS21007,11-Apr-15,4,Callicebus K,371904.0546,9929480.463
OS21007,11-Apr-15,4,Callicebus K,371902.8899,9929481.208
OS21007,11-Apr-15,4,Callicebus K,371902.8899,9929481.208
OS21007,11-Apr-15,4,Callicebus K,371916.2019,9929495.521
OS21007,11-Apr-15,4,Callicebus K,371916.2019,9929495.521
OS21007,11-Apr-15,4,Callicebus K,371916.2019,9929495.521
OS21007,11-Apr-15,4,Callicebus K,371917.2731,9929496.898
OS21007,11-Apr-15,4,Callicebus K,371915.16,9929501.43
OS21007,11-Apr-15,4,Callicebus K,371915.16,9929501.43
OS21007,11-Apr-15,4,Callicebus K,371918.4223,9929526.72
OS21007,11-Apr-15,4,Callicebus K,371943.6967,9929539.288
OS21007,11-Apr-15,4,Callicebus K,371946.9426,9929544.22
OS21007,11-Apr-15,4,Callicebus K,371946.9426,9929544.22
OS21007,11-Apr-15,4,Callicebus K,371946.9426,9929544.22
OS21007,11-Apr-15,4,Callicebus K,371946.9426,9929544.22
OS21007,11-Apr-15,4,Callicebus K,371946.9426,9929544.22
OS21007,11-Apr-15,4,Callicebus K,371946.9426,9929544.22
OS21007,11-Apr-15,4,Callicebus K,371946.9426,9929544.22
OS21007,11-Apr-15,4,Callicebus K,371949.5891,9929546.15
OS21007,11-Apr-15,4,Callicebus K,371928.4483,9929568.782
OS21007,11-Apr-15,4,Callicebus K,371951.5,9929571.95
OS21007,11-Apr-15,4,Callicebus K,371955.6042,9929583.226
OS21007,11-Apr-15,4,Callicebus K,371941.8479,9929598.365
OS21007,11-Apr-15,4,Callicebus K,371946.62,9929600.97
OS21007,11-Apr-15,4,Callicebus K,371933.7897,9929627.717
OS21008,12-Apr-15,4,Callicebus K,371931.0285,9929450.438
OS21008,12-Apr-15,4,Callicebus K,371931.0285,9929450.438
OS21008,12-Apr-15,4,Callicebus K,371931.0285,9929450.438
OS21008,12-Apr-15,4,Callicebus K,371937.79,9929452.25
OS21008,12-Apr-15,4,Callicebus K,371937.79,9929452.25
OS21008,12-Apr-15,4,Callicebus K,371937.79,9929452.25
OS21008,12-Apr-15,4,Callicebus K,371993.41,9929535.47
OS21008,12-Apr-15,4,Callicebus K,371998.41,9929544.13
OS21008,12-Apr-15,4,Callicebus K,371941.48,9929589.3
OS21008,12-Apr-15,4,Callicebus K,371929.933,9929623.121
OS21008,12-Apr-15,4,Callicebus K,371969.4762,9929639.944
OS21008,12-Apr-15,4,Callicebus K,371946.1727,9929641.161
OS21008,12-Apr-15,4,Callicebus K,371953.4242,9929643.062
OS21015,19-Apr-15,4,Callicebus B,371848.05,9929450.01
OS21016,20-Apr-15,4,Callicebus B,371819.3839,9929426.77
OS21016,20-Apr-15,4,Callicebus B,371794.0122,9929431.216
OS21016,20-Apr-15,4,Callicebus B,371854.32,9929441.83
OS21016,20-Apr-15,4,Callicebus B,371848.05,9929450.01
OS21016,20-Apr-15,4,Callicebus B,371848.05,9929450.01
OS21016,20-Apr-15,4,Callicebus B,371852.1642,9929457.881
OS21018,22-Apr-15,4,Callicebus K,371923.9694,9929478.449
OS21018,22-Apr-15,4,Callicebus K,371923.9694,9929478.449
OS21018,22-Apr-15,4,Callicebus K,371983.8268,9929542.755
OS21019,23-Apr-15,4,Callicebus K,371919.8906,9929486.161
OS21019,23-Apr-15,4,Callicebus K,371930.0901,9929514.363
OS21019,23-Apr-15,4,Callicebus K,371930.8666,9929517.261
OS21019,23-Apr-15,4,Callicebus K,371864.5,9929518.37
OS21019,23-Apr-15,4,Callicebus K,371978.389,9929545.291
OS21019,23-Apr-15,4,Callicebus K,371988.29,9929550.69
OS21019,23-Apr-15,4,Callicebus K,371988.29,9929554.69
OS21019,23-Apr-15,4,Callicebus K,371986.8833,9929554.91
OS21019,23-Apr-15,4,Callicebus K,371969.5833,9929565.807
OS21019,23-Apr-15,4,Callicebus K,371967.6137,9929566.154
OS21019,23-Apr-15,4,Callicebus K,371973.8233,9929616.833
OS21019,23-Apr-15,4,Callicebus K,371986.6624,9929618.23
OS21012,16-Apr-15,4,Callicebus B,371761.415,9929446.45
OS21013,17-Apr-15,4,Callicebus B,371847.99,9929456.29
OS21028,2-May-15,5,Callicebus L,371588.0019,9929383.29
OS21028,2-May-15,5,Callicebus L,371580.4538,9929398.357
OS21028,2-May-15,5,Callicebus L,371580.3831,9929400.001
OS21028,2-May-15,5,Callicebus K,372004.1837,9929531.492
OS21028,2-May-15,5,Callicebus K,371988.29,9929550.69
OS21029,3-May-15,5,Callicebus K,371895.1306,9929474.495
OS21029,3-May-15,5,Callicebus K,371908.2465,9929479.394
OS21029,3-May-15,5,Callicebus K,371934.7018,9929518.143
OS21029,3-May-15,5,Callicebus K,371909.2039,9929530.194
OS21029,3-May-15,5,Callicebus K,371908.0243,9929536
OS21029,3-May-15,5,Callicebus K,371908.0243,9929536
OS21029,3-May-15,5,Callicebus K,371908.0243,9929536
OS21029,3-May-15,5,Callicebus K,371902.0472,9929536.523
OS21029,3-May-15,5,Callicebus K,371910.4618,9929537.71
OS21029,3-May-15,5,Callicebus K,371926.1895,9929546.671
OS21029,3-May-15,5,Callicebus K,371978.6646,9929550.127
OS21029,3-May-15,5,Callicebus K,371978.6646,9929550.127
OS21029,3-May-15,5,Callicebus K,371978.6646,9929550.127
OS21029,3-May-15,5,Callicebus K,371978.6646,9929550.127
OS21029,3-May-15,5,Callicebus K,371978.6646,9929550.127
OS21029,3-May-15,5,Callicebus K,371980.7486,9929551.212
OS21029,3-May-15,5,Callicebus K,371982.1567,9929561.164
OS21029,3-May-15,5,Callicebus K,371985.5376,9929568.414
OS21029,3-May-15,5,Callicebus K,371944.2495,9929568.569
OS21029,3-May-15,5,Callicebus K,371941.5,9929568.65
OS21030,4-May-15,5,Callicebus K,372008.7881,9929465.019
OS21030,4-May-15,5,Callicebus K,372004.1837,9929531.492
OS21030,4-May-15,5,Callicebus K,372034.5633,9929543.008
OS21030,4-May-15,5,Callicebus K,372058.2668,9929583.266
OS21030,4-May-15,5,Callicebus K,372077.5649,9929587.425
OS21030,4-May-15,5,Callicebus K,371976.62,9929615.71
OS21030,4-May-15,5,Callicebus K,372110.0008,9929619.389
OS21030,4-May-15,5,Callicebus K,371969.69,9929621.262
OS21030,4-May-15,5,Callicebus K,371969.69,9929621.262
OS21030,4-May-15,5,Callicebus K,371969.69,9929621.262
OS21030,4-May-15,5,Callicebus K,371969.69,9929621.262
OS21030,4-May-15,5,Callicebus K,371969.69,9929621.262
OS21030,4-May-15,5,Callicebus K,371969.69,9929621.262
OS21030,4-May-15,5,Callicebus K,371972.9773,9929628.246
OS21030,4-May-15,5,Callicebus K,371960.69,9929636.85
OS21030,4-May-15,5,Callicebus K,371959.1579,9929638.136
OS21030,4-May-15,5,Callicebus K,371959.1579,9929638.136
OS21030,4-May-15,5,Callicebus K,372096.1785,9929655.163
OS21030,4-May-15,5,Callicebus K,372126.3914,9929656.844
OS21030,4-May-15,5,Callicebus K,372088.3424,9929660.962
OS21030,4-May-15,5,Callicebus K,372077.1028,9929667.862
OS21030,4-May-15,5,Callicebus K,372042.8952,9929670.682
OS21030,4-May-15,5,Callicebus K,372029.7865,9929671.559
OS21030,4-May-15,5,Callicebus K,372029.7865,9929671.559
OS21030,4-May-15,5,Callicebus K,372077.3341,9929672.589
OS21030,4-May-15,5,Callicebus K,372064.4138,9929684.759
OS21030,4-May-15,5,Callicebus K,372059.2702,9929685.021
OS21030,4-May-15,5,Callicebus K,372036.9623,9929694.284
OS21032,6-May-15,5,Callicebus L,371656.5584,9929312.161
OS21032,6-May-15,5,Callicebus L,371671.5364,9929312.857
OS21032,6-May-15,5,Callicebus L,371663.7006,9929318.713
OS21032,6-May-15,5,Callicebus L,371666.58,9929319.22
OS21032,6-May-15,5,Callicebus L,371680.3097,9929322.74
OS21032,6-May-15,5,Callicebus L,371676.1414,9929340.512
OS21032,6-May-15,5,Callicebus L,371679.1414,9929345.708
OS21032,6-May-15,5,Callicebus L,371677.1873,9929352.466
OS21032,6-May-15,5,Callicebus L,371704.3197,9929374.09
OS21032,6-May-15,5,Callicebus L,371706.0404,9929376.547
OS21032,6-May-15,5,Callicebus L,371672.7203,9929380.043
OS21032,6-May-15,5,Callicebus L,371703.0117,9929381.299
OS21032,6-May-15,5,Callicebus L,371703.0117,9929381.299
OS21032,6-May-15,5,Callicebus L,371703.0117,9929381.299
OS21032,6-May-15,5,Callicebus L,371670.3956,9929381.657
OS21034,8-May-15,5,Callicebus B,371876.7601,9929445.729
OS21034,8-May-15,5,Callicebus B,371845.4809,9929451.478
OS21034,8-May-15,5,Callicebus B,371845.4809,9929451.478
OS21034,8-May-15,5,Callicebus B,371857.3869,9929452.87
OS21034,8-May-15,5,Callicebus B,371832.9239,9929454.843
OS21039,13-May-15,5,Callicebus L,371683.2638,9929303.858
OS21039,13-May-15,5,Callicebus L,371669.5692,9929316.753
OS21039,13-May-15,5,Callicebus L,371664.1314,9929319.289
OS21039,13-May-15,5,Callicebus L,371556.7672,9929331.329
OS21039,13-May-15,5,Callicebus L,371653.918,9929336.674
OS21039,13-May-15,5,Callicebus L,371497.8303,9929339.113
OS21039,13-May-15,5,Callicebus L,371591.5744,9929341.141
OS21039,13-May-15,5,Callicebus L,371555.4928,9929342.554
OS21039,13-May-15,5,Callicebus L,371683.9356,9929345.012
OS21039,13-May-15,5,Callicebus L,371683.9356,9929345.012
OS21039,13-May-15,5,Callicebus L,371683.9356,9929345.012
OS21039,13-May-15,5,Callicebus L,371683.9356,9929345.012
OS21039,13-May-15,5,Callicebus L,371676.3454,9929346.294
OS21039,13-May-15,5,Callicebus L,371676.3454,9929346.294
OS21039,13-May-15,5,Callicebus L,371518.7238,9929352.921
OS21039,13-May-15,5,Callicebus L,371518.6079,9929354.274
OS21039,13-May-15,5,Callicebus L,371706.5232,9929359.118
OS21039,13-May-15,5,Callicebus L,371419.3185,9929385.735
OS21039,13-May-15,5,Callicebus L,371408.5939,9929394.734
OS21039,13-May-15,5,Callicebus L,371408.5939,9929394.734
OS21039,13-May-15,5,Callicebus L,371393.6501,9929464.062
OS21039,13-May-15,5,Callicebus L,371393.6501,9929464.062
OS21039,13-May-15,5,Callicebus L,371393.6501,9929464.062
OS21039,13-May-15,5,Callicebus L,371393.6501,9929464.062
OS21039,13-May-15,5,Callicebus L,371393.6501,9929464.062
OS21039,13-May-15,5,Callicebus L,371393.6501,9929464.062
OS21041,15-May-15,5,Callicebus B,371824.0322,9929370.248
OS21041,15-May-15,5,Callicebus B,371714.1699,9929379.307
OS21041,15-May-15,5,Callicebus B,371837.4838,9929396.693
OS21043,17-May-15,5,Callicebus K,371948.1715,9929457.817
OS21043,17-May-15,5,Callicebus K,371958.929,9929483.449
OS21043,17-May-15,5,Callicebus K,371968.5763,9929495.347
OS21043,17-May-15,5,Callicebus K,371953.7152,9929499.141
OS21043,17-May-15,5,Callicebus K,371953.7152,9929499.141
OS21043,17-May-15,5,Callicebus K,371953.7152,9929499.141
OS21043,17-May-15,5,Callicebus K,371953.7152,9929499.141
OS21044,18-May-15,5,Callicebus K,371943.64,9929459.93
OS21044,18-May-15,5,Callicebus K,371943.64,9929459.93
OS21044,18-May-15,5,Callicebus K,371943.64,9929459.93
OS21044,18-May-15,5,Callicebus K,371998.41,9929544.13
OS21044,18-May-15,5,Callicebus K,371985.5376,9929568.414
OS21046,20-May-15,5,Callicebus K,371941.1077,9929577.95
OS21050,24-May-15,5,Callicebus K,371910.573,9929447.177
OS21050,24-May-15,5,Callicebus K,371910.9686,9929454.742
OS21050,24-May-15,5,Callicebus K,371945.3305,9929456.305
OS21051,25-May-15,5,Callicebus L,371606.1216,9929348.303
OS21051,25-May-15,5,Callicebus L,371606.1216,9929348.303
OS21051,25-May-15,5,Callicebus L,371606.1216,9929348.303
OS21051,25-May-15,5,Callicebus L,371606.1216,9929348.303
OS21051,25-May-15,5,Callicebus L,371606.1216,9929348.303
OS21051,25-May-15,5,Callicebus L,371614.6851,9929357.166
OS21051,25-May-15,5,Callicebus L,371515.35,9929374.01
OS21051,25-May-15,5,Callicebus L,371521.5306,9929377.296
OS21051,25-May-15,5,Callicebus L,371615.8746,9929382.46
OS21051,25-May-15,5,Callicebus L,371461.0407,9929389.839
OS21051,25-May-15,5,Callicebus L,371558.9525,9929413.532
OS21051,25-May-15,5,Callicebus L,371421.4366,9929430.228
OS21052,26-May-15,5,Callicebus L,371384.5097,9929429.719
OS21052,26-May-15,5,Callicebus L,371384.5097,9929429.719
OS21052,26-May-15,5,Callicebus L,371384.5097,9929429.719
OS21052,26-May-15,5,Callicebus L,371384.5097,9929429.719
OS21052,26-May-15,5,Callicebus L,371384.5097,9929429.719
OS21052,26-May-15,5,Callicebus L,371384.5097,9929429.719
OS21052,26-May-15,5,Callicebus L,371384.5097,9929429.719
OS21052,26-May-15,5,Callicebus L,371384.5097,9929429.719
OS21052,26-May-15,5,Callicebus L,371384.5097,9929429.719
OS21052,26-May-15,5,Callicebus L,371384.5097,9929429.719
OS21052,26-May-15,5,Callicebus L,371384.5097,9929429.719
OS21054,28-May-15,5,Callicebus L,371722.32,9929300.59
OS21054,28-May-15,5,Callicebus L,371722.32,9929300.59
OS21054,28-May-15,5,Callicebus L,371722.32,9929300.59
OS21054,28-May-15,5,Callicebus L,371621.0515,9929315.109
OS21054,28-May-15,5,Callicebus L,371672.1314,9929319.289
OS21054,28-May-15,5,Callicebus L,371616.8089,9929319.352
OS21054,28-May-15,5,Callicebus L,371625.5243,9929336.443
OS21054,28-May-15,5,Callicebus L,371676.1414,9929340.512
OS21054,28-May-15,5,Callicebus L,371611.6784,9929348.303
OS21054,28-May-15,5,Callicebus L,371611.6784,9929348.303
OS21054,28-May-15,5,Callicebus L,371614.9,9929353.668
OS21054,28-May-15,5,Callicebus L,371708.5229,9929362.923
OS21054,28-May-15,5,Callicebus L,371515.35,9929374.01
OS21054,28-May-15,5,Callicebus L,371624.6,9929386.09
OS21054,28-May-15,5,Callicebus L,371675.3543,9929399.543
OS21054,28-May-15,5,Callicebus L,371643.0062,9929400.142
OS21054,28-May-15,5,Callicebus L,371640.7081,9929402.07
OS21054,28-May-15,5,Callicebus L,371640.7081,9929402.07
OS21054,28-May-15,5,Callicebus L,371675.7029,9929403.528
OS21054,28-May-15,5,Callicebus L,371656.1541,9929405.008
OS21054,28-May-15,5,Callicebus L,371635.0512,9929407.727
OS21054,28-May-15,5,Callicebus L,371648.2877,9929413.465
OS21055,29-May-15,5,Callicebus L,371560.49,9929271.92
OS21055,29-May-15,5,Callicebus L,371545.8921,9929333.82
OS21055,29-May-15,5,Callicebus L,371563.6186,9929336.946
OS21056,30-May-15,5,Callicebus L,371621.0032,9929355.564
OS21056,30-May-15,5,Callicebus L,371551.005,9929360.51
OS21056,30-May-15,5,Callicebus L,371551.005,9929360.51
OS21056,30-May-15,5,Callicebus L,371604.6204,9929386.559
OS21056,30-May-15,5,Callicebus L,371577.1149,9929393.363
OS21056,30-May-15,5,Callicebus L,371572.9286,9929272.135
OS21056,30-May-15,5,Callicebus L,371591.4723,9929314.956
OS21056,30-May-15,5,Callicebus L,371630.688,9929326.509
OS21056,30-May-15,5,Callicebus L,371630.688,9929326.509
OS21056,30-May-15,5,Callicebus L,371630.688,9929326.509
OS21056,30-May-15,5,Callicebus L,371630.688,9929326.509
OS21056,30-May-15,5,Callicebus L,371586.5781,9929326.547
OS21056,30-May-15,5,Callicebus L,371586.5781,9929326.547
OS21056,30-May-15,5,Callicebus L,371594.5781,9929326.547
OS21057,31-May-15,5,Callicebus L,371573.4342,9929286.064
OS21057,31-May-15,5,Callicebus L,371722.32,9929300.59
OS21057,31-May-15,5,Callicebus L,371715.2084,9929380.178
OS21057,31-May-15,5,Callicebus L,371604.6204,9929386.559
OS21057,31-May-15,5,Callicebus L,371604.6204,9929386.559
OS21057,31-May-15,5,Callicebus L,371709.3185,9929388.328
OS21057,31-May-15,5,Callicebus L,371643.2096,9929394.603
OS21057,31-May-15,5,Callicebus L,371615.6251,9929398.914
OS21057,31-May-15,5,Callicebus L,371615.6251,9929398.914
OS21057,31-May-15,5,Callicebus L,371674.1456,9929418.365
OS21057,31-May-15,5,Callicebus L,371674.1456,9929418.365
OS21057,31-May-15,5,Callicebus L,371674.1456,9929418.365
OS21057,31-May-15,5,Callicebus K,371948.67,9929453.234
OS21057,31-May-15,5,Callicebus K,371948.67,9929453.234
OS21058,1-Jun-15,6,Callicebus K,371964.96,9929495.419
OS21059,2-Jun-15,6,Callicebus L,371682.4825,9929303.589
OS21059,2-Jun-15,6,Callicebus K,372005.695,9929447.075
OS21061,4-Jun-15,6,Callicebus K,371972.2238,9929505.222
OS21063,6-Jun-15,6,Callicebus B,371737.2769,9929490.543
OS21064,7-Jun-15,6,Callicebus B,371775.95,9929403.32
OS21064,7-Jun-15,6,Callicebus B,371854.0454,9929406.094
OS21064,7-Jun-15,6,Callicebus B,371911.95,9929421.52
OS21064,7-Jun-15,6,Callicebus B,371690.899,9929422.921
OS21064,7-Jun-15,6,Callicebus B,371721.6011,9929438.421
OS21064,7-Jun-15,6,Callicebus K,371884.9481,9929496.716
OS21067,10-Jun-15,6,Callicebus K,371949.8329,9929484.652
OS21067,10-Jun-15,6,Callicebus K,371964.9802,9929544.013
OS21067,10-Jun-15,6,Callicebus K,371953.4131,9929568.368
OS21067,10-Jun-15,6,Callicebus K,371963.6096,9929572.948
OS21067,10-Jun-15,6,Callicebus K,371950.4751,9929473.567
OS21067,10-Jun-15,6,Callicebus K,371953.7152,9929499.141
OS21067,10-Jun-15,6,Callicebus K,371965.8656,9929500.735
OS21068,11-Jun-15,6,Callicebus K,371961.5937,9929497.752
OS21068,11-Jun-15,6,Callicebus K,371961.5937,9929497.752
OS21068,11-Jun-15,6,Callicebus K,371961.5937,9929497.752
OS21068,11-Jun-15,6,Callicebus K,371953.7152,9929499.141
OS21068,11-Jun-15,6,Callicebus K,371953.7152,9929499.141
OS21068,11-Jun-15,6,Callicebus K,371953.7152,9929499.141
OS21068,11-Jun-15,6,Callicebus K,371953.7152,9929499.141
OS21068,11-Jun-15,6,Callicebus K,371953.7152,9929499.141
OS21068,11-Jun-15,6,Callicebus K,371953.7152,9929499.141
OS21068,11-Jun-15,6,Callicebus K,371949.5539,9929491.832
OS21068,11-Jun-15,6,Callicebus K,371954.3253,9929492.168
OS21068,11-Jun-15,6,Callicebus K,371954.3253,9929492.168
OS21068,11-Jun-15,6,Callicebus K,371954.151,9929494.16
OS21068,11-Jun-15,6,Callicebus K,371954.151,9929494.16
OS21068,11-Jun-15,6,Callicebus K,371954.151,9929494.16
OS21068,11-Jun-15,6,Callicebus K,371964.0428,9929495.714
OS21069,12-Jun-15,6,Callicebus B,371720.9221,9929335.405
OS21069,12-Jun-15,6,Callicebus B,371718.9826,9929340.177
OS21069,12-Jun-15,6,Callicebus B,371720.7193,9929341.356
OS21069,12-Jun-15,6,Callicebus B,371774.09,9929416.778
OS21069,12-Jun-15,6,Callicebus B,371682.3341,9929419.32
OS21069,12-Jun-15,6,Callicebus B,371683.6485,9929419.54
OS21069,12-Jun-15,6,Callicebus B,371759.6033,9929439.689
OS21069,12-Jun-15,6,Callicebus B,371759.6033,9929439.689
OS21069,12-Jun-15,6,Callicebus B,371761.415,9929446.45
OS21069,12-Jun-15,6,Callicebus K,371969.7838,9929444.581
OS21069,12-Jun-15,6,Callicebus K,371969.7838,9929444.581
OS21069,12-Jun-15,6,Callicebus K,371969.7838,9929444.581
OS21069,12-Jun-15,6,Callicebus K,371969.7838,9929444.581
OS21069,12-Jun-15,6,Callicebus K,371969.7838,9929444.581
OS21069,12-Jun-15,6,Callicebus K,371969.7838,9929444.581
OS21069,12-Jun-15,6,Callicebus K,371969.7838,9929444.581
OS21069,12-Jun-15,6,Callicebus K,371969.7838,9929444.581
OS21070,13-Jun-15,6,Callicebus K,371960.3433,9929446.367
OS21070,13-Jun-15,6,Callicebus K,371985.7911,9929460.084
OS21070,13-Jun-15,6,Callicebus K,371985.7911,9929460.084
OS21070,13-Jun-15,6,Callicebus K,371985.7911,9929460.084
OS21071,14-Jun-15,6,Callicebus K,371941.7578,9929471.392
OS21071,14-Jun-15,6,Callicebus K,371949.8106,9929483.165
OS21071,14-Jun-15,6,Callicebus K,371964.0428,9929495.714
OS21071,14-Jun-15,6,Callicebus K,371964.0428,9929495.714
OS21071,14-Jun-15,6,Callicebus K,371964.0428,9929495.714
OS21071,14-Jun-15,6,Callicebus K,371953.7152,9929499.141
OS21071,14-Jun-15,6,Callicebus K,371971.66,9929456.31
OS21071,14-Jun-15,6,Callicebus K,371949.8106,9929483.165
OS21071,14-Jun-15,6,Callicebus K,371973.1744,9929491.344
OS21072,15-Jun-15,6,Callicebus K,371990.6599,9929441.603
OS21072,15-Jun-15,6,Callicebus K,372005.695,9929447.075
OS21072,15-Jun-15,6,Callicebus K,371954.875,9929462.805
OS21072,15-Jun-15,6,Callicebus K,371875.6705,9929492.728
OS21072,15-Jun-15,6,Callicebus B,371737.041,9929403.24
OS21072,15-Jun-15,6,Callicebus B,371737.041,9929403.24
OS21072,15-Jun-15,6,Callicebus B,371737.041,9929403.24
OS21072,15-Jun-15,6,Callicebus B,371800.59,9929433.61
OS21072,15-Jun-15,6,Callicebus B,371800.59,9929433.61
OS21072,15-Jun-15,6,Callicebus B,371895.2872,9929438.082
OS21072,15-Jun-15,6,Callicebus B,371894.5703,9929440.285
OS21072,15-Jun-15,6,Callicebus B,371889.1036,9929441.778
OS21072,15-Jun-15,6,Callicebus B,371888.6017,9929442.094
OS21072,15-Jun-15,6,Callicebus B,371811.761,9929443.37
OS21072,15-Jun-15,6,Callicebus B,371896.1177,9929444.937
OS21072,15-Jun-15,6,Callicebus B,371881.1123,9929445.038
OS21072,15-Jun-15,6,Callicebus B,371903.3156,9929445.347
OS21072,15-Jun-15,6,Callicebus B,371885.1964,9929445.756
OS21072,15-Jun-15,6,Callicebus B,371901.0051,9929447.707
OS21072,15-Jun-15,6,Callicebus B,371895.7043,9929449.926
OS21072,15-Jun-15,6,Callicebus B,371845.4809,9929451.478
OS21072,15-Jun-15,6,Callicebus B,371845.4809,9929451.478
OS21072,15-Jun-15,6,Callicebus B,371890.8141,9929451.702
OS21072,15-Jun-15,6,Callicebus B,371705.92,9929455.99
OS21072,15-Jun-15,6,Callicebus B,371708.92,9929455.99
OS21072,15-Jun-15,6,Callicebus B,371708.92,9929455.99
OS21072,15-Jun-15,6,Callicebus B,371708.92,9929455.99
OS21072,15-Jun-15,6,Callicebus B,371708.92,9929455.99
OS21072,15-Jun-15,6,Callicebus B,371708.92,9929455.99
OS21072,15-Jun-15,6,Callicebus B,371708.92,9929455.99
OS21072,15-Jun-15,6,Callicebus B,371709.9461,9929458.809
OS21072,15-Jun-15,6,Callicebus B,371899.4051,9929461.523
OS21072,15-Jun-15,6,Callicebus B,371859.2346,9929465.658
OS21075,18-Jun-15,6,Callicebus L,371511.598,9929331.844
OS21075,18-Jun-15,6,Callicebus L,371506.6175,9929336.491
OS21075,18-Jun-15,6,Callicebus L,371510.6356,9929338.84
OS21075,18-Jun-15,6,Callicebus L,371503.89,9929346.86
OS21075,18-Jun-15,6,Callicebus L,371551.005,9929360.51
OS21075,18-Jun-15,6,Callicebus L,371551.005,9929360.51
OS21076,19-Jun-15,6,Callicebus K,371949.8106,9929483.165
OS21076,19-Jun-15,6,Callicebus K,371964.0428,9929495.714
OS21076,19-Jun-15,6,Callicebus K,371953.7152,9929499.141
OS21076,19-Jun-15,6,Callicebus K,371967.9866,9929513.35
OS21077,20-Jun-15,6,Callicebus K,371964.0428,9929495.714
OS21077,20-Jun-15,6,Callicebus K,371874.28,9929480.685
OS21077,20-Jun-15,6,Callicebus K,371874.28,9929480.685
OS21078,21-Jun-15,6,Callicebus B,371737.041,9929403.24
OS21078,21-Jun-15,6,Callicebus B,371737.041,9929403.24
OS21078,21-Jun-15,6,Callicebus B,371690.899,9929422.921
OS21078,21-Jun-15,6,Callicebus K,371949.8106,9929483.165
OS21079,22-Jun-15,6,Callicebus K,371943.64,9929459.93
OS21079,22-Jun-15,6,Callicebus K,371949.8106,9929483.165
OS21079,22-Jun-15,6,Callicebus K,372009.0463,9929521.115
OS21079,22-Jun-15,6,Callicebus K,372008.6174,9929628.633
OS21080,23-Jun-15,6,Callicebus K,371965.135,9929454.55
OS21080,23-Jun-15,6,Callicebus K,371965.135,9929454.55
OS21080,23-Jun-15,6,Callicebus K,371965.135,9929454.55
OS21080,23-Jun-15,6,Callicebus K,371965.135,9929454.55
OS21080,23-Jun-15,6,Callicebus K,371954.875,9929462.805
OS21080,23-Jun-15,6,Callicebus K,371954.875,9929462.805
OS21080,23-Jun-15,6,Callicebus K,371954.875,9929462.805
OS21080,23-Jun-15,6,Callicebus K,371960.88,9929466.38
OS21080,23-Jun-15,6,Callicebus K,371943.127,9929474.385
OS21080,23-Jun-15,6,Callicebus K,371949.8106,9929483.165
OS21080,23-Jun-15,6,Callicebus K,371949.8106,9929483.165
OS21080,23-Jun-15,6,Callicebus K,371955.8836,9929526.015
OS21080,23-Jun-15,6,Callicebus K,371957.7891,9929565.876
OS21080,23-Jun-15,6,Callicebus K,371957.7891,9929565.876
OS21080,23-Jun-15,6,Callicebus K,371957.7891,9929565.876
OS21080,23-Jun-15,6,Callicebus K,371985.5376,9929568.414
OS21080,23-Jun-15,6,Callicebus K,371985.5376,9929568.414
OS21080,23-Jun-15,6,Callicebus K,371985.5376,9929568.414
OS21080,23-Jun-15,6,Callicebus K,372007.2733,9929612.864
OS21080,23-Jun-15,6,Callicebus K,372013.3755,9929614.793
OS21081,24-Jun-15,6,Callicebus K,371965.135,9929454.55
OS21081,24-Jun-15,6,Callicebus K,371965.135,9929454.55
OS21081,24-Jun-15,6,Callicebus K,371965.135,9929454.55
OS21081,24-Jun-15,6,Callicebus K,371965.135,9929454.55
OS21081,24-Jun-15,6,Callicebus K,371948.56,9929457.16
OS21075,18-Jun-15,6,Callicebus K,372003.5736,9929538.465
OS21075,18-Jun-15,6,Callicebus K,372003.5736,9929538.465
OS21514,16-Jun-15,6,Callicebus K,371938.6482,9929521.676
OS21514,16-Jun-15,6,Callicebus K,371929.78,9929526.6
OS21514,16-Jun-15,6,Callicebus K,371929.78,9929526.6
OS21514,16-Jun-15,6,Callicebus K,371943.1433,9929578.475
OS21514,16-Jun-15,6,Callicebus K,371962.1107,9929593.02
OS21514,16-Jun-15,6,Callicebus K,371962.1107,9929593.02
OS21514,16-Jun-15,6,Callicebus K,371962.1107,9929593.02
OS21514,16-Jun-15,6,Callicebus K,371962.1107,9929593.02
OS21514,16-Jun-15,6,Callicebus K,371962.1107,9929593.02
OS21514,16-Jun-15,6,Callicebus K,371936.0336,9929594.687
OS21514,16-Jun-15,6,Callicebus K,371919.18,9929604.88
